block_number,latency_ms,peak_bin,peak_magnitude
0,0.157588,20,4104.46
1,0.098948,20,4096.37
2,0.10224,20,4099.77
3,0.103695,20,4070.83
4,0.166898,20,4089.33
5,0.107754,20,4110.19
6,0.113546,20,4094.11
7,0.100582,20,4075.73
8,0.148373,20,4094.11
9,0.0983,20,4076.99
10,0.095713,20,4078.21
11,0.110543,20,4073.09
12,0.102746,20,4092.18
13,0.107724,20,4095.25
14,0.150951,20,4098
15,0.120763,20,4091.96
16,0.10072,20,4097.76
17,0.104118,20,4091.55
18,0.099962,20,4093.71
19,0.104688,20,4086.87
20,0.144904,20,4091.47
21,0.116044,20,4095.83
22,0.106167,20,4095.61
23,0.109316,20,4092.78
24,0.117801,20,4082.72
25,0.120869,20,4092.4
26,0.143487,20,4074.48
27,0.099385,20,4117.31
28,0.108086,20,4104.8
29,0.098803,20,4102.11
30,0.127733,20,4117.41
31,0.108599,20,4110.53
32,0.101274,20,4077.51
33,0.158161,20,4088.09
34,0.100529,20,4079.65
35,0.102874,20,4104.22
36,0.100739,20,4094.97
37,0.100914,20,4075.61
38,0.158328,20,4107.08
39,0.135637,20,4111.55
40,0.105539,20,4092.79
41,0.103037,20,4100.12
42,0.105946,20,4102.12
43,0.109412,20,4083.49
44,0.1078,20,4087.78
45,0.101663,20,4088.74
46,0.106377,20,4084.81
47,0.101014,20,4090.2
48,0.096575,20,4062.14
49,0.122389,20,4085.86
50,0.106722,20,4085.48
51,0.10148,20,4096.79
52,0.098906,20,4090.15
53,0.14501,20,4092.79
54,0.1017,20,4095.33
55,0.099414,20,4114.28
56,0.111683,20,4089.81
57,0.106989,20,4089.42
58,0.13968,20,4096.26
59,0.09397,20,4081.21
60,0.150062,20,4115.39
61,0.103797,20,4089.88
62,0.105835,20,4102.09
63,0.104627,20,4096.41
64,0.108979,20,4101.9
65,0.116304,20,4080.64
66,0.099463,20,4102.83
67,0.113967,20,4086.29
68,0.111587,20,4101.63
69,0.105207,20,4116.29
70,0.113294,20,4096.67
71,0.133006,20,4102.16
72,0.145483,20,4101.01
73,0.10712,20,4092.65
74,0.103097,20,4089.24
75,0.135216,20,4092.5
76,0.108282,20,4108.77
77,0.106852,20,4085.4
78,0.100825,20,4086.84
79,0.126955,20,4092.56
80,0.101072,20,4094.48
81,0.1017,20,4091.4
82,0.099539,20,4097.91
83,0.099994,20,4097.69
84,0.102188,20,4084.43
85,0.107044,20,4109.27
86,0.102044,20,4084.27
87,0.098622,20,4094.76
88,0.094286,20,4090.32
89,0.099536,20,4102.26
90,0.117661,20,4110.22
91,0.167409,20,4099.39
92,0.103532,20,4087.05
93,0.109029,20,4101.18
94,0.10035,20,4091.22
95,0.113531,20,4104.89
96,0.099219,20,4111.7
97,0.110519,20,4115.6
98,0.105369,20,4086.72
99,0.105117,20,4099.04
100,0.09748,20,4099.77
101,0.117234,20,4094.44
102,0.11556,20,4083.12
103,0.121959,20,4090.44
104,0.098935,20,4087.46
105,0.147383,20,4090.89
106,0.110043,20,4086.24
107,0.119849,20,4112.86
108,0.104867,20,4104.52
109,0.121175,20,4096.85
110,0.112266,20,4117.02
111,0.106012,20,4094.6
112,0.102917,20,4085.73
113,0.132096,20,4075.49
114,0.097081,20,4086.07
115,0.098516,20,4092.89
116,0.101866,20,4079.42
117,0.106343,20,4098.36
118,0.10429,20,4107.46
119,0.103031,20,4072.45
120,0.097273,20,4094.49
121,0.141318,20,4088.74
122,0.104219,20,4088.77
123,0.109616,20,4067.28
124,0.098306,20,4095.84
125,0.120507,20,4091.39
126,0.099769,20,4106.6
127,0.108714,20,4086.67
128,0.110837,20,4091.78
129,0.156824,20,4102.48
130,0.100163,20,4098.06
131,0.116737,20,4085.41
132,0.092708,20,4101.4
133,0.096567,20,4086.16
134,0.14667,20,4116.4
135,0.098954,20,4099.8
136,0.100659,20,4104.9
137,0.113446,20,4072.77
138,0.100371,20,4101.96
139,0.098256,20,4083.85
140,0.105226,20,4100.64
141,0.137888,20,4085.26
142,0.102125,20,4079.68
143,0.098594,20,4101.47
144,0.104908,20,4080.31
145,0.138637,20,4107.19
146,0.11853,20,4093.83
147,0.106464,20,4086.3
148,0.099979,20,4082.26
149,0.120991,20,4100.5
150,0.147578,20,4100.71
151,0.096664,20,4108.9
152,0.099239,20,4103.19
153,0.158373,20,4091.07
154,0.103018,20,4096.76
155,0.093101,20,4093.75
156,0.1,20,4097.09
157,0.133728,20,4100.65
158,0.09676,20,4071.77
159,0.111835,20,4095.26
160,0.096016,20,4087.42
161,0.099191,20,4094.08
162,0.106473,20,4097.76
163,0.10301,20,4099.23
164,0.103642,20,4116.94
165,0.108596,20,4119.81
166,0.105682,20,4099.19
167,0.117791,20,4092.01
168,0.107606,20,4111.26
169,0.096148,20,4074.07
170,0.09353,20,4105.78
171,0.101859,20,4104.23
172,0.098353,20,4096.4
173,0.11259,20,4096.96
174,0.105087,20,4097.71
175,0.108897,20,4087.94
176,0.099788,20,4100.34
177,0.106592,20,4105.4
178,0.110348,20,4092.74
179,0.105085,20,4111.21
180,0.160525,20,4103.7
181,0.10511,20,4106.62
182,0.1633,20,4089.3
183,0.109314,20,4098.62
184,0.106398,20,4097
185,0.099319,20,4103.55
186,0.108953,20,4092.85
187,0.104472,20,4101.4
188,0.12168,20,4111.47
189,0.104653,20,4119.72
190,0.129038,20,4089.52
191,0.106619,20,4106.93
192,0.105792,20,4092.87
193,0.101688,20,4099.76
194,0.102837,20,4082.35
195,0.100143,20,4067.84
196,0.103145,20,4088.46
197,0.137928,20,4080.53
198,0.10858,20,4096.49
199,0.101429,20,4093.08
200,0.102036,20,4090.2
201,0.121939,20,4084.59
202,0.106617,20,4100.26
203,0.102148,20,4097.12
204,0.104921,20,4092.09
205,0.101721,20,4112.15
206,0.095575,20,4087.06
207,0.108247,20,4106.89
208,0.099776,20,4101.94
209,0.124203,20,4078.82
210,0.16032,20,4098.96
211,0.113456,20,4094
212,0.100639,20,4098
213,0.109734,20,4093.08
214,0.094627,20,4093.42
215,0.09601,20,4093.6
216,0.104105,20,4088.24
217,0.099009,20,4089.49
218,0.098787,20,4094.93
219,0.112918,20,4095.38
220,0.14275,20,4109.35
221,0.103334,20,4088.65
222,0.099985,20,4099.04
223,0.095483,20,4105.85
224,0.123912,20,4089.49
225,0.125319,20,4091.93
226,0.107153,20,4090.44
227,0.106338,20,4101.37
228,0.107346,20,4089.54
229,0.104359,20,4110.3
230,0.120297,20,4085.73
231,0.105404,20,4089.13
232,0.112974,20,4097.25
233,0.09955,20,4096.52
234,0.103189,20,4088.5
235,0.097423,20,4101.94
236,0.117957,20,4101.85
237,0.100822,20,4086.3
238,0.109016,20,4112.98
239,0.107295,20,4107.12
240,0.106867,20,4107.61
241,0.103823,20,4127.72
242,0.102593,20,4086.12
243,0.102997,20,4099.87
244,0.106016,20,4084.25
245,0.103553,20,4094.04
246,0.107052,20,4093.77
247,0.144989,20,4102.88
248,0.103814,20,4093.89
249,0.099041,20,4120.67
250,0.110305,20,4080.64
251,0.114562,20,4085.69
252,0.103177,20,4082.83
253,0.131551,20,4100.97
254,0.161608,20,4119.62
255,0.099128,20,4088.71
256,0.113875,20,4101.23
257,0.11057,20,4077.82
258,0.103348,20,4068.02
259,0.101942,20,4087.83
260,0.097798,20,4113.6
261,0.098835,20,4083.01
262,0.09894,20,4083.44
263,0.09961,20,4081.28
264,0.099904,20,4090.25
265,0.113706,20,4077.91
266,0.104028,20,4094.36
267,0.100403,20,4118.95
268,0.107283,20,4084.52
269,0.097418,20,4103.35
270,0.126833,20,4093.72
271,0.101458,20,4101.52
272,0.183536,20,4099.47
273,0.105452,20,4101.67
274,0.105997,20,4082
275,0.107809,20,4099.25
276,0.117696,20,4094.98
277,0.122599,20,4089.13
278,0.107784,20,4106.97
279,0.10964,20,4080.8
280,0.108042,20,4098.93
281,0.101214,20,4086.09
282,0.131926,20,4074.42
283,0.101158,20,4099.76
284,0.108184,20,4107.39
285,0.121921,20,4094.13
286,0.1182,20,4091.45
287,0.103738,20,4123.28
288,0.102805,20,4098.96
289,0.102243,20,4082.58
290,0.151357,20,4096.47
291,0.108239,20,4106.52
292,0.106612,20,4080.79
293,0.097271,20,4099.22
294,0.119443,20,4092
295,0.101099,20,4083.83
296,0.101113,20,4084.36
297,0.149064,20,4098.48
298,0.096393,20,4093.34
299,0.090644,20,4101.17
300,0.114494,20,4104.43
301,0.099502,20,4099.46
302,0.128749,20,4101.14
303,0.129414,20,4115.55
304,0.110568,20,4087.11
305,0.100622,20,4108.34
306,0.102669,20,4101.71
307,0.104519,20,4077.08
308,0.097759,20,4126.2
309,0.10048,20,4115.01
310,0.109034,20,4093.95
311,0.108705,20,4095.26
312,0.143384,20,4082.7
313,0.222056,20,4088.05
314,0.110202,20,4079.13
315,0.095542,20,4100.87
316,0.103444,20,4096.26
317,0.108419,20,4086.85
318,0.101779,20,4111.2
319,0.162948,20,4099.08
320,0.097277,20,4089.54
321,0.098824,20,4092.15
322,0.098928,20,4091.19
323,0.095933,20,4081.63
324,0.094668,20,4100.46
325,0.099481,20,4100.96
326,0.108662,20,4103.9
327,0.109092,20,4092.14
328,0.097263,20,4088.04
329,0.097716,20,4089.19
330,0.095451,20,4100.45
331,0.098731,20,4111.97
332,0.102489,20,4106.21
333,0.103161,20,4097.68
334,0.096459,20,4090.15
335,0.097261,20,4098.11
336,0.112551,20,4096
337,0.103228,20,4102.47
338,0.100683,20,4088.4
339,0.100285,20,4086.71
340,0.099091,20,4095.04
341,0.100394,20,4093.15
342,0.10306,20,4104.84
343,0.101295,20,4093.09
344,0.106136,20,4094.56
345,0.099893,20,4103.83
346,0.106849,20,4097.49
347,0.095901,20,4097.81
348,0.110953,20,4102.93
349,0.14713,20,4096.22
350,0.09596,20,4088.82
351,0.095042,20,4098.45
352,0.127585,20,4094.93
353,0.103213,20,4076.06
354,0.099168,20,4095.99
355,0.101597,20,4087.86
356,0.100762,20,4097.18
357,0.107898,20,4095.1
358,0.139077,20,4085.74
359,0.097609,20,4100.97
360,0.116331,20,4093.78
361,0.104072,20,4118.49
362,0.102891,20,4112.21
363,0.111601,20,4090.44
364,0.1045,20,4070.32
365,0.101388,20,4096.4
366,0.105344,20,4097.61
367,0.097282,20,4089.3
368,0.099907,20,4092.74
369,0.095851,20,4089.91
370,0.112876,20,4104.56
371,0.128849,20,4074.36
372,0.105969,20,4096.33
373,0.118404,20,4080.3
374,0.092069,20,4077.41
375,0.098359,20,4098.76
376,0.100991,20,4083.07
377,0.100923,20,4099.34
378,0.11023,20,4095.57
379,0.102264,20,4090.23
380,0.099525,20,4070.83
381,0.098891,20,4109.51
382,0.098025,20,4105.54
383,0.096482,20,4095.83
384,0.102462,20,4088.61
385,0.104694,20,4092.25
386,0.10946,20,4099.17
387,0.104034,20,4078.33
388,0.096806,20,4115.3
389,0.113033,20,4093.5
390,0.0963,20,4113.43
391,0.104891,20,4106.09
392,0.097055,20,4095.12
393,0.104175,20,4095.49
394,0.101059,20,4104.7
395,0.118354,20,4082.91
396,0.108458,20,4090.9
397,0.101507,20,4092.2
398,0.093722,20,4109.18
399,0.102951,20,4083.06
400,0.098486,20,4093.6
401,0.101696,20,4095.95
402,0.1307,20,4101.1
403,0.108283,20,4095.89
404,0.103688,20,4100
405,0.098378,20,4104.61
406,0.122048,20,4084.63
407,0.099537,20,4101.47
408,0.095864,20,4110.97
409,0.110379,20,4119.39
410,0.10323,20,4096.55
411,0.098784,20,4108.09
412,0.110049,20,4096.96
413,0.091877,20,4119.67
414,0.133078,20,4108.33
415,0.093839,20,4086.69
416,0.115068,20,4107.39
417,0.097313,20,4099.68
418,0.122702,20,4101.34
419,0.098538,20,4080.25
420,0.095212,20,4091.07
421,0.098812,20,4090.45
422,0.114227,20,4078.11
423,0.105396,20,4116.19
424,0.093641,20,4073.75
425,0.098142,20,4110.58
426,0.102727,20,4079.92
427,0.109983,20,4110.55
428,0.097804,20,4078.88
429,0.129049,20,4100.33
430,0.098989,20,4095.51
431,0.106884,20,4089.97
432,0.117392,20,4078.41
433,0.102655,20,4097.84
434,0.120649,20,4078.29
435,0.098447,20,4093.82
436,0.101938,20,4072.17
437,0.101545,20,4080.65
438,0.10557,20,4091
439,0.100198,20,4083.47
440,0.09583,20,4089.1
441,0.092361,20,4111.99
442,0.104965,20,4093.56
443,0.099024,20,4099
444,0.105375,20,4075.14
445,0.116433,20,4101.75
446,0.099933,20,4090.27
447,0.09676,20,4093.11
448,0.103173,20,4082.83
449,0.115335,20,4099.08
450,0.094683,20,4097.18
451,0.139088,20,4092.94
452,0.1051,20,4081.6
453,0.106162,20,4088.79
454,0.103481,20,4097.91
455,0.119782,20,4091.66
456,0.101773,20,4096.06
457,0.136846,20,4084.75
458,0.101506,20,4110.95
459,0.098278,20,4097.52
460,0.097186,20,4093.49
461,0.149891,20,4091.73
462,0.100392,20,4091.64
463,0.095791,20,4094.39
464,0.111033,20,4101.35
465,0.09995,20,4095.84
466,0.147497,20,4098.04
467,0.098712,20,4094.38
468,0.102301,20,4107.83
469,0.10431,20,4108.34
470,0.101154,20,4084.21
471,0.114515,20,4091.99
472,0.102875,20,4096.27
473,0.114716,20,4087.24
474,0.124031,20,4089.15
475,0.102867,20,4101.05
476,0.125093,20,4089.9
477,0.100116,20,4089.82
478,0.102645,20,4091.74
479,0.105288,20,4111.48
480,0.10009,20,4094.64
481,0.102299,20,4096.47
482,0.097524,20,4092.46
483,0.116984,20,4076.2
484,0.093783,20,4092.12
485,0.105799,20,4098.53
486,0.102817,20,4079.75
487,0.103088,20,4108.48
488,0.104701,20,4091.14
489,0.101773,20,4093.55
490,0.103382,20,4094.64
491,0.097636,20,4093.93
492,0.144683,20,4098.84
493,0.099258,20,4096.78
494,0.093063,20,4090.18
495,0.101239,20,4083.97
496,0.1076,20,4094.76
497,0.099737,20,4086.56
498,0.100103,20,4101.12
499,0.117444,20,4106.35
500,0.09755,20,4107.74
501,0.114801,20,4086.79
502,0.117354,20,4096.49
503,0.104449,20,4095.94
504,0.0986,20,4095.07
505,0.102795,20,4102.84
506,0.153156,20,4085.87
507,0.111662,20,4103.72
508,0.104444,20,4100.3
509,0.098131,20,4104.43
510,0.100148,20,4090.55
511,0.102765,20,4096.5
512,0.099523,20,4099.51
513,0.146836,20,4078.4
514,0.107877,20,4082.97
515,0.101816,20,4091.82
516,0.105078,20,4098.39
517,0.1399,20,4078.44
518,0.106626,20,4095.65
519,0.104982,20,4101.75
520,0.105524,20,4095.92
521,0.11493,20,4093.86
522,0.112715,20,4112.67
523,0.1007,20,4078.77
524,0.112593,20,4081.63
525,0.109277,20,4107.16
526,0.10495,20,4096.39
527,0.102068,20,4089.98
528,0.108154,20,4106.12
529,0.103616,20,4084.84
530,0.099485,20,4103.9
531,0.097218,20,4091.79
532,0.102596,20,4089.83
533,0.104443,20,4098.94
534,0.113958,20,4115.87
535,0.110314,20,4090.64
536,0.106465,20,4100.6
537,0.128407,20,4074.6
538,0.100386,20,4106.46
539,0.113049,20,4101.76
540,0.134894,20,4099.89
541,0.100421,20,4094.12
542,0.102322,20,4109.46
543,0.114373,20,4092.54
544,0.099996,20,4108.54
545,0.102317,20,4063.07
546,0.110932,20,4082.66
547,0.128395,20,4103.84
548,0.100041,20,4093.38
549,0.097875,20,4111.24
550,0.116391,20,4100
551,0.107084,20,4114.37
552,0.127094,20,4081.12
553,0.102816,20,4094.21
554,0.099125,20,4126.9
555,0.109693,20,4107.58
556,0.11857,20,4110.79
557,0.095455,20,4103.44
558,0.119684,20,4102.49
559,0.128175,20,4086.49
560,0.099615,20,4081.51
561,0.098791,20,4105.9
562,0.099689,20,4102.05
563,0.097629,20,4103.99
564,0.113375,20,4103.49
565,0.098844,20,4090.03
566,0.097154,20,4093.02
567,0.096405,20,4106.39
568,0.099694,20,4105.27
569,0.146054,20,4102.61
570,0.107429,20,4093.46
571,0.147755,20,4108.3
572,0.097399,20,4097.25
573,0.110847,20,4096.43
574,0.105923,20,4092.18
575,0.088159,20,4109.89
576,0.109116,20,4077.17
577,0.105442,20,4079.71
578,0.110349,20,4103.2
579,0.105276,20,4074.77
580,0.108023,20,4100.57
581,0.09261,20,4088.05
582,0.103742,20,4089.12
583,0.118794,20,4100.93
584,0.13659,20,4087.2
585,0.099609,20,4109.28
586,0.141627,20,4109.21
587,0.105066,20,4107.55
588,0.107826,20,4078.39
589,0.095906,20,4085.25
590,0.136626,20,4093.52
591,0.096449,20,4096.1
592,0.105491,20,4088.52
593,0.135079,20,4088.55
594,0.104151,20,4090.7
595,0.099695,20,4092.65
596,0.101284,20,4077.71
597,0.108397,20,4083.66
598,0.099213,20,4088.03
599,0.108205,20,4100.99
600,0.099778,20,4118.02
601,0.164122,20,4111.44
602,0.118355,20,4083.88
603,0.109841,20,4099.24
604,0.097949,20,4096.59
605,0.101746,20,4083.61
606,0.102731,20,4099.96
607,0.105197,20,4096.3
608,0.100896,20,4089.19
609,0.111085,20,4111.73
610,0.109319,20,4113.6
611,0.096149,20,4088.76
612,0.101404,20,4102.72
613,0.095468,20,4080.28
614,0.101529,20,4115.85
615,0.09527,20,4094.87
616,0.093388,20,4095.5
617,0.110108,20,4098.25
618,0.103628,20,4095.52
619,0.101149,20,4072.03
620,0.111139,20,4133.8
621,0.121216,20,4110.77
622,0.100764,20,4099.55
623,0.104774,20,4088.51
624,0.096153,20,4101.52
625,0.095553,20,4069.18
626,0.106087,20,4108.14
627,0.095174,20,4081.09
628,0.096148,20,4105.34
629,0.10036,20,4111.71
630,0.100752,20,4102.76
631,0.107495,20,4109.91
632,0.120085,20,4099.69
633,0.097998,20,4099.87
634,0.102987,20,4098.91
635,0.116548,20,4115.61
636,0.116218,20,4083.74
637,0.101142,20,4103.98
638,0.107288,20,4098.15
639,0.107863,20,4091.95
640,0.110485,20,4092.73
641,0.105414,20,4097.34
642,0.095976,20,4099.85
643,0.11203,20,4090.13
644,0.105977,20,4102.37
645,0.111114,20,4108.36
646,0.107699,20,4109.74
647,0.122057,20,4100.93
648,0.100613,20,4081.78
649,0.131627,20,4100.43
650,0.104863,20,4110
651,0.122573,20,4103.1
652,0.137084,20,4112.39
653,0.121308,20,4097.06
654,0.125421,20,4084.79
655,0.135068,20,4072.21
656,0.097055,20,4101.55
657,0.094928,20,4098.11
658,0.118441,20,4105.59
659,0.10591,20,4096.94
660,0.100548,20,4081.81
661,0.123455,20,4090.18
662,0.101911,20,4060.28
663,0.104784,20,4073.47
664,0.104273,20,4087.06
665,0.103562,20,4106.92
666,0.099818,20,4090.09
667,0.124368,20,4086.88
668,0.101489,20,4075.86
669,0.100042,20,4090.61
670,0.15107,20,4080.71
671,0.100311,20,4114.43
672,0.113374,20,4097.39
673,0.114249,20,4095.65
674,0.095645,20,4100.17
675,0.099702,20,4102.87
676,0.107893,20,4082.95
677,0.098671,20,4097.43
678,0.229535,20,4093.01
679,0.108546,20,4091.88
680,0.101,20,4098.91
681,0.1272,20,4088.56
682,0.124336,20,4089.16
683,0.10407,20,4097.58
684,0.101984,20,4080.97
685,0.102261,20,4087.11
686,0.104456,20,4110.56
687,0.107807,20,4090.5
688,0.105421,20,4084.46
689,0.099811,20,4104.47
690,0.14635,20,4080.39
691,0.100913,20,4104.3
692,0.09822,20,4107.92
693,0.098552,20,4079.69
694,0.12245,20,4075.72
695,0.099457,20,4092.24
696,0.095291,20,4101.47
697,0.100533,20,4091.57
698,0.099012,20,4101.7
699,0.106038,20,4095.94
700,0.100019,20,4082.32
701,0.104575,20,4093.85
702,0.099647,20,4089.55
703,0.098129,20,4113.36
704,0.115831,20,4102.74
705,0.099873,20,4097.75
706,0.100881,20,4091.25
707,0.097312,20,4104.77
708,0.126839,20,4103.13
709,0.10018,20,4101.93
710,0.102439,20,4098.02
711,0.1551,20,4092.47
712,0.10025,20,4094.93
713,0.099533,20,4107.6
714,0.104042,20,4117.83
715,0.102312,20,4097.4
716,0.10115,20,4104.04
717,0.09964,20,4089.57
718,0.099265,20,4081
719,0.178623,20,4113.47
720,0.107631,20,4116.62
721,0.10184,20,4119.99
722,0.096621,20,4098.85
723,0.101995,20,4089.53
724,0.100969,20,4095.04
725,0.116933,20,4098.46
726,0.105409,20,4099.74
727,0.102605,20,4100.78
728,0.100502,20,4104.51
729,0.10782,20,4094.63
730,0.099719,20,4088.71
731,0.092771,20,4093.07
732,0.103,20,4105.8
733,0.133399,20,4061.98
734,0.097731,20,4094.02
735,0.101467,20,4105.04
736,0.106153,20,4108.9
737,0.104938,20,4098.63
738,0.121083,20,4093.3
739,0.104704,20,4098.06
740,0.100351,20,4085.12
741,0.120541,20,4111.83
742,0.097839,20,4102.03
743,0.099293,20,4099.16
744,0.106933,20,4095.68
745,0.153824,20,4089.9
746,0.101173,20,4077.95
747,0.102815,20,4086.04
748,0.096825,20,4081.11
749,0.10185,20,4094.64
750,0.103993,20,4099.2
751,0.123661,20,4113.36
752,0.094613,20,4097.59
753,0.102776,20,4087.89
754,0.100694,20,4090.25
755,0.100208,20,4077.94
756,0.10489,20,4104.28
757,0.139092,20,4096.78
758,0.09787,20,4090.99
759,0.09864,20,4094.76
760,0.118297,20,4094.29
761,0.090871,20,4090.07
762,0.099114,20,4096.67
763,0.107932,20,4088.75
764,0.09768,20,4094.72
765,0.103546,20,4086.86
766,0.154892,20,4103.97
767,0.108551,20,4091.45
768,0.098634,20,4097.65
769,0.155854,20,4094.5
770,0.11513,20,4084.1
771,0.099654,20,4104.16
772,0.09954,20,4099.5
773,0.116812,20,4096.46
774,0.103456,20,4084.69
775,0.100284,20,4084.87
776,0.099358,20,4102.46
777,0.113619,20,4098.87
778,0.102449,20,4097.15
779,0.090142,20,4076.15
780,0.106792,20,4100.59
781,0.098271,20,4100.83
782,0.126346,20,4090.21
783,0.097988,20,4075.26
784,0.148896,20,4106.78
785,0.099328,20,4118.55
786,0.096801,20,4100.46
787,0.091848,20,4094.15
788,0.09538,20,4068.05
789,0.098998,20,4114.91
790,0.104199,20,4093.48
791,0.110543,20,4123.31
792,0.099983,20,4076.63
793,0.094777,20,4108.72
794,0.100872,20,4085.15
795,0.102766,20,4093.21
796,0.136547,20,4106.34
797,0.102267,20,4099.35
798,0.201595,20,4080.19
799,0.100604,20,4116.58
800,0.105611,20,4086.78
801,0.102717,20,4096.45
802,0.103113,20,4067.09
803,0.097186,20,4090.32
804,0.135031,20,4110.42
805,0.091604,20,4089.97
806,0.103249,20,4108.62
807,0.108813,20,4106.14
808,0.108337,20,4093.04
809,0.102424,20,4105.35
810,0.10546,20,4112.1
811,0.105986,20,4095.05
812,0.133665,20,4096.26
813,0.146056,20,4100.73
814,0.106605,20,4101.57
815,0.108122,20,4096.08
816,0.128518,20,4092.25
817,0.107835,20,4079.16
818,0.121905,20,4093.42
819,0.105711,20,4125.45
820,0.111974,20,4095.75
821,0.098915,20,4077.07
822,0.097816,20,4095.9
823,0.106167,20,4090.92
824,0.103584,20,4103.98
825,0.105591,20,4087.15
826,0.106635,20,4104.31
827,0.099683,20,4099.6
828,0.098477,20,4072.86
829,0.100383,20,4088.23
830,0.137897,20,4092.2
831,0.158426,20,4084.89
832,0.091223,20,4077.52
833,0.098596,20,4102.91
834,0.110434,20,4086.51
835,0.103417,20,4095.3
836,0.10644,20,4084.67
837,0.099253,20,4089.65
838,0.100067,20,4104.51
839,0.101848,20,4098.21
840,0.097308,20,4119.39
841,0.099835,20,4076.71
842,0.121432,20,4089.66
843,0.113223,20,4114.54
844,0.107175,20,4094.41
845,0.134314,20,4123.93
846,0.104386,20,4106.1
847,0.114203,20,4085.89
848,0.103104,20,4099.65
849,0.110164,20,4105.28
850,0.103953,20,4087.88
851,0.111879,20,4089.4
852,0.091927,20,4099.69
853,0.095745,20,4100.92
854,0.145315,20,4103.35
855,0.134332,20,4085.45
856,0.095006,20,4101.6
857,0.103895,20,4077.07
858,0.164606,20,4083.35
859,0.102269,20,4095.05
860,0.129065,20,4112.98
861,0.103564,20,4086.62
862,0.106711,20,4081.11
863,0.097272,20,4089.2
864,0.101936,20,4109.24
865,0.100915,20,4080.19
866,0.104908,20,4097.44
867,0.103185,20,4114.06
868,0.121971,20,4106.63
869,0.099949,20,4089.74
870,0.096767,20,4108.58
871,0.091762,20,4096.21
872,0.102126,20,4087.87
873,0.12794,20,4079.79
874,0.103367,20,4113.32
875,0.097104,20,4104.88
876,0.10139,20,4080.7
877,0.103327,20,4099.84
878,0.115832,20,4089.67
879,0.101071,20,4091.84
880,0.099783,20,4085.47
881,0.091793,20,4087.69
882,0.105498,20,4090.68
883,0.101868,20,4101.26
884,0.10095,20,4093.63
885,0.1594,20,4080.26
886,0.102199,20,4088.85
887,0.10316,20,4076.49
888,0.099715,20,4116.7
889,0.124046,20,4104.36
890,0.102204,20,4080.62
891,0.121379,20,4078.41
892,0.113243,20,4122.72
893,0.123589,20,4090.98
894,0.103773,20,4093.97
895,0.111086,20,4079.35
896,0.101335,20,4091.59
897,0.120082,20,4100.51
898,0.109843,20,4101.43
899,0.098041,20,4104.34
900,0.120956,20,4098
901,0.105648,20,4086.59
902,0.097798,20,4120.57
903,0.140575,20,4084.02
904,0.098968,20,4071.07
905,0.13296,20,4090.15
906,0.099674,20,4099.67
907,0.128972,20,4109.67
908,0.111544,20,4083.62
909,0.107931,20,4089.36
910,0.107002,20,4090.58
911,0.094311,20,4108.47
912,0.10468,20,4107.49
913,0.103231,20,4091.22
914,0.099994,20,4093.37
915,0.147189,20,4102.47
916,0.100702,20,4090.44
917,0.098881,20,4104.99
918,0.107685,20,4099.44
919,0.124277,20,4085.85
920,0.101575,20,4087.71
921,0.112024,20,4097.12
922,0.101945,20,4099.51
923,0.097183,20,4127.67
924,0.098125,20,4092.29
925,0.168793,20,4098.12
926,0.097036,20,4117.01
927,0.102049,20,4100.58
928,0.102555,20,4082.72
929,0.102903,20,4071.73
930,0.097463,20,4090.15
931,0.107205,20,4106.54
932,0.107742,20,4098.29
933,0.100763,20,4104.72
934,0.141933,20,4100.68
935,0.107757,20,4095.75
936,0.149021,20,4084.79
937,0.112219,20,4107.35
938,0.099762,20,4101.29
939,0.101184,20,4104.8
940,0.129775,20,4095.39
941,0.107788,20,4082.44
942,0.101389,20,4107.33
943,0.115598,20,4111.18
944,0.101395,20,4090.39
945,0.114923,20,4089.7
946,0.096701,20,4085.28
947,0.098526,20,4113.84
948,0.096698,20,4102.28
949,0.501117,20,4078.14
950,0.128069,20,4102.04
951,0.126224,20,4108.04
952,0.102207,20,4089.18
953,0.10658,20,4082.36
954,0.105686,20,4113.41
955,0.097925,20,4088.12
956,0.109812,20,4113.39
957,0.101385,20,4101.68
958,0.118164,20,4093.64
959,0.099189,20,4114.79
960,0.103217,20,4094.24
961,0.102533,20,4067.89
962,0.102274,20,4118
963,0.12336,20,4093.14
964,0.092723,20,4086.65
965,0.105356,20,4086.49
966,0.175193,20,4080.93
967,0.10922,20,4075.53
968,0.098487,20,4097.64
969,0.111393,20,4096.94
970,0.154438,20,4101.72
971,0.098574,20,4089.76
972,0.098293,20,4083.86
973,0.09663,20,4097.95
974,0.12597,20,4082.08
975,0.097368,20,4089.19
976,0.115026,20,4086.03
977,0.107228,20,4091.83
978,0.099135,20,4102.61
979,0.109042,20,4095.84
980,0.104143,20,4106.47
981,0.137794,20,4090.89
982,0.09629,20,4092.51
983,0.10775,20,4107.35
984,0.148618,20,4101.63
985,0.123921,20,4107.97
986,0.100665,20,4109.1
987,0.134193,20,4100.23
988,0.099447,20,4092
989,0.099082,20,4094.54
990,0.119131,20,4109.59
991,0.099371,20,4104.57
992,0.105143,20,4106.35
993,0.102362,20,4096.09
994,0.098654,20,4107.48
995,0.102771,20,4097.19
996,0.09389,20,4092.88
997,0.100852,20,4114.04
998,0.133878,20,4102.16
999,0.107928,20,4086.05
1000,0.104976,20,4108.04
1001,0.098451,20,4098.97
1002,0.128452,20,4082.66
1003,0.099926,20,4117.41
1004,0.103014,20,4076.15
1005,0.103277,20,4092.23
1006,0.100038,20,4100.76
1007,0.10726,20,4086.53
1008,0.114354,20,4083.47
1009,0.12545,20,4089.95
1010,0.145569,20,4095.74
1011,0.100364,20,4094.7
1012,0.10154,20,4080.68
1013,0.139953,20,4091.32
1014,0.100469,20,4109.02
1015,0.166008,20,4084.99
1016,0.11804,20,4111.31
1017,0.106693,20,4099.13
1018,0.109873,20,4092.56
1019,0.146085,20,4099.96
1020,0.113392,20,4081.44
1021,0.125869,20,4088.19
1022,0.09843,20,4096.2
1023,0.098569,20,4093.06
1024,0.103514,20,4089.63
1025,0.152506,20,4093.88
1026,0.106156,20,4092.63
1027,0.131687,20,4084.52
1028,0.101074,20,4088.39
1029,0.099817,20,4085.31
1030,0.098973,20,4080
1031,0.123268,20,4112.18
1032,0.097639,20,4094.24
1033,0.106861,20,4086.2
1034,0.103644,20,4080.25
1035,0.099313,20,4101.54
1036,0.106608,20,4086.37
1037,0.099156,20,4082.03
1038,0.106233,20,4083.93
1039,0.096316,20,4098.96
1040,0.114064,20,4097.15
1041,0.098891,20,4114.45
1042,0.100297,20,4090.76
1043,0.117858,20,4109.33
1044,0.103877,20,4076.74
1045,0.108414,20,4082.7
1046,0.10242,20,4087.8
1047,0.126923,20,4101.4
1048,0.108455,20,4085.64
1049,0.117905,20,4098.45
1050,0.094695,20,4108.49
1051,0.108793,20,4109.46
1052,0.100637,20,4103.08
1053,0.099911,20,4080
1054,0.136388,20,4097.9
1055,0.104842,20,4102.3
1056,0.108034,20,4113.59
1057,0.099572,20,4081.61
1058,0.103098,20,4093.07
1059,0.108991,20,4103.62
1060,0.110833,20,4098.11
1061,0.102049,20,4099.89
1062,0.113326,20,4089.87
1063,0.094773,20,4079.11
1064,0.096809,20,4106.17
1065,0.095731,20,4090.51
1066,0.103407,20,4092.14
1067,0.098613,20,4106.1
1068,0.10145,20,4090.49
1069,0.128803,20,4098.42
1070,0.10095,20,4094.81
1071,0.098987,20,4100.77
1072,0.106976,20,4089.97
1073,0.103071,20,4090.29
1074,0.099389,20,4097.82
1075,0.109662,20,4111.37
1076,0.099845,20,4077.05
1077,0.09702,20,4118.29
1078,0.107991,20,4088.68
1079,0.110359,20,4090.49
1080,0.131662,20,4082.29
1081,0.109208,20,4101.07
1082,0.097935,20,4101.73
1083,0.098581,20,4077.83
1084,0.107712,20,4095.9
1085,0.111769,20,4102.36
1086,0.095495,20,4100.81
1087,0.095982,20,4101.28
1088,0.093451,20,4086.4
1089,0.091577,20,4111.37
1090,0.092479,20,4090.23
1091,0.095994,20,4113.65
1092,0.125044,20,4092.37
1093,0.113168,20,4094.56
1094,0.224448,20,4091.87
1095,0.103605,20,4085.8
1096,0.119869,20,4094.01
1097,0.106036,20,4090.38
1098,0.104172,20,4084.62
1099,0.107182,20,4102.35
1100,0.105948,20,4075.97
1101,0.099283,20,4093.03
1102,0.097039,20,4102.28
1103,0.096795,20,4089.33
1104,0.126276,20,4089.52
1105,0.107565,20,4088.11
1106,0.099056,20,4084.3
1107,0.108624,20,4093.35
1108,0.101287,20,4096.78
1109,0.097733,20,4117.55
1110,0.109887,20,4079.95
1111,0.107353,20,4077.13
1112,0.100833,20,4078.78
1113,0.100181,20,4105.42
1114,0.104081,20,4092.73
1115,0.10077,20,4086.89
1116,0.177521,20,4098.28
1117,0.096231,20,4107.34
1118,0.100986,20,4089.1
1119,0.098471,20,4083.06
1120,0.102261,20,4090.21
1121,0.159759,20,4092.69
1122,0.107801,20,4110.09
1123,0.101539,20,4083.03
1124,0.100252,20,4090.04
1125,0.097578,20,4086.97
1126,0.103446,20,4091.5
1127,0.122018,20,4101.51
1128,0.141918,20,4090.06
1129,0.113588,20,4106.09
1130,0.115106,20,4082.73
1131,0.107193,20,4111.66
1132,0.104164,20,4110.51
1133,0.125331,20,4092.1
1134,0.129627,20,4080.79
1135,0.101599,20,4085.44
1136,0.143373,20,4082.78
1137,0.098818,20,4099.06
1138,0.104325,20,4111.9
1139,0.097033,20,4100.06
1140,0.10512,20,4072.32
1141,0.104027,20,4096.67
1142,0.171203,20,4102
1143,0.104045,20,4088.3
1144,0.107457,20,4108.49
1145,0.128425,20,4082.91
1146,0.16404,20,4094.45
1147,0.112258,20,4108.55
1148,0.15765,20,4109.62
1149,0.109801,20,4104.39
1150,0.156991,20,4090.14
1151,0.111451,20,4096.23
1152,0.137334,20,4079.29
1153,0.108443,20,4093.45
1154,0.13031,20,4100.32
1155,0.100455,20,4112.32
1156,0.123539,20,4106.57
1157,0.122713,20,4088.26
1158,0.11784,20,4111.75
1159,0.117378,20,4108
1160,0.102605,20,4086.82
1161,0.115501,20,4083.58
1162,0.100927,20,4113.5
1163,0.095599,20,4120.56
1164,0.094318,20,4103.7
1165,0.106897,20,4081.09
1166,0.109479,20,4087.76
1167,0.138617,20,4097.74
1168,0.113702,20,4068.03
1169,0.101423,20,4106.45
1170,0.123118,20,4104
1171,0.100523,20,4108.88
1172,0.121508,20,4090.57
1173,0.10681,20,4118.5
1174,0.106484,20,4092.9
1175,0.132385,20,4086.78
1176,0.116933,20,4103.35
1177,0.138494,20,4090.85
1178,0.110756,20,4100.36
1179,0.103264,20,4092.88
1180,0.147305,20,4099.05
1181,0.130138,20,4098.86
1182,0.099858,20,4095.78
1183,0.114242,20,4092.19
1184,0.102056,20,4119.75
1185,0.112563,20,4100.18
1186,0.106607,20,4104.25
1187,0.104994,20,4080.03
1188,0.114037,20,4101.44
1189,0.12719,20,4114.84
1190,0.104007,20,4111.6
1191,0.107462,20,4090.07
1192,0.125643,20,4083.27
1193,0.098479,20,4117.41
1194,0.124452,20,4097.2
1195,0.177635,20,4096.95
1196,0.109471,20,4091.92
1197,0.102788,20,4107.29
1198,0.103661,20,4091.82
1199,0.111986,20,4091.37
1200,0.156436,20,4086.29
1201,0.098207,20,4109.53
1202,0.099341,20,4096.08
1203,0.100501,20,4085.32
1204,0.130097,20,4112.45
1205,0.101555,20,4095.14
1206,0.106845,20,4079.83
1207,0.102516,20,4107.28
1208,0.123206,20,4093.07
1209,0.136901,20,4081.45
1210,0.103411,20,4085.83
1211,0.104862,20,4086.65
1212,0.10865,20,4101.99
1213,0.100039,20,4085.9
1214,0.105068,20,4088.58
1215,0.097555,20,4094.65
1216,0.109951,20,4092.07
1217,0.145711,20,4099.73
1218,0.103712,20,4113.02
1219,0.096034,20,4092.23
1220,0.103463,20,4102.54
1221,0.097547,20,4093.28
1222,0.110872,20,4091.24
1223,0.098266,20,4100.34
1224,0.109251,20,4102.67
1225,0.134919,20,4108.5
1226,0.096422,20,4093.43
1227,0.097649,20,4102.82
1228,0.100844,20,4088.1
1229,0.096925,20,4090.12
1230,0.106553,20,4106.62
1231,0.121447,20,4106.91
1232,0.105709,20,4117.72
1233,0.10282,20,4100.29
1234,0.12397,20,4093.8
1235,0.099671,20,4101.25
1236,0.105053,20,4099.45
1237,0.15773,20,4104.02
1238,0.147041,20,4102.99
1239,0.102,20,4093.9
1240,0.102696,20,4096.25
1241,0.103798,20,4098.27
1242,0.104924,20,4116.96
1243,0.111752,20,4092.99
1244,0.10223,20,4089.33
1245,0.099045,20,4108.32
1246,0.117738,20,4090.48
1247,0.121435,20,4109.21
1248,0.102539,20,4100.27
1249,0.099306,20,4085.89
1250,0.10198,20,4097.36
1251,0.152934,20,4092.65
1252,0.11496,20,4090.64
1253,0.111751,20,4093.64
1254,0.097757,20,4108.54
1255,0.104499,20,4100.52
1256,0.104713,20,4082.5
1257,0.135041,20,4100.04
1258,0.139526,20,4089.25
1259,0.121608,20,4077.83
1260,0.108623,20,4098.92
1261,0.0963,20,4097.91
1262,0.096954,20,4096.46
1263,0.122522,20,4090.44
1264,0.098427,20,4101.52
1265,0.12144,20,4093.58
1266,0.09742,20,4125.62
1267,0.107487,20,4116.74
1268,0.098643,20,4097.21
1269,0.113786,20,4085.92
1270,0.125033,20,4074.81
1271,0.099692,20,4129.22
1272,0.129662,20,4096.79
1273,0.096394,20,4088.88
1274,0.096259,20,4096.46
1275,0.096957,20,4085.18
1276,0.10334,20,4111.82
1277,0.129147,20,4084.14
1278,0.101279,20,4094.91
1279,0.101513,20,4088.73
1280,0.100905,20,4097.38
1281,0.126148,20,4101.25
1282,0.098048,20,4092.12
1283,0.11131,20,4098.7
1284,0.123102,20,4110.86
1285,0.120194,20,4092.09
1286,0.10642,20,4098.56
1287,0.101797,20,4081.36
1288,0.124321,20,4091.13
1289,0.099911,20,4099.6
1290,0.100432,20,4107.31
1291,0.107079,20,4112.86
1292,0.099631,20,4103.39
1293,0.101617,20,4083.75
1294,0.118746,20,4087.57
1295,0.100222,20,4099.55
1296,0.099691,20,4091.63
1297,0.103649,20,4075.6
1298,0.0992,20,4095.98
1299,0.133193,20,4097.56
1300,0.106049,20,4092.88
1301,0.105351,20,4107.28
1302,0.115978,20,4097.91
1303,0.126934,20,4099.16
1304,0.122724,20,4101.34
1305,0.111396,20,4098.26
1306,0.105569,20,4089.96
1307,0.123574,20,4098.69
1308,0.103016,20,4087.64
1309,0.10803,20,4089.32
1310,0.108237,20,4086.64
1311,0.121489,20,4098.43
1312,0.111869,20,4090.4
1313,0.104102,20,4120.48
1314,0.103163,20,4089.81
1315,0.100057,20,4092.85
1316,0.102827,20,4113.88
1317,0.123638,20,4093.12
1318,0.146197,20,4086.49
1319,0.123273,20,4081.32
1320,0.133983,20,4085.22
1321,0.130849,20,4092.14
1322,0.123518,20,4101.19
1323,0.102457,20,4090.66
1324,0.100006,20,4088.04
1325,0.100518,20,4092.5
1326,0.14587,20,4115.43
1327,0.130266,20,4104.16
1328,0.132076,20,4108.62
1329,0.18384,20,4101.66
1330,0.194101,20,4096.07
1331,0.149345,20,4102.34
1332,0.143807,20,4095.93
1333,0.142038,20,4084.25
1334,0.124314,20,4099.15
1335,0.136272,20,4094.45
1336,0.140794,20,4094.15
1337,0.137489,20,4080.37
1338,0.153433,20,4090.83
1339,0.147509,20,4114.67
1340,0.126506,20,4101.5
1341,0.14876,20,4094.64
1342,0.136506,20,4087.53
1343,0.130075,20,4096.93
1344,0.16172,20,4093.89
1345,0.201356,20,4097.65
1346,0.133707,20,4086.07
1347,0.123194,20,4086.79
1348,0.146337,20,4099.31
1349,0.128108,20,4103.79
1350,0.130768,20,4056.29
1351,0.125252,20,4095.74
1352,0.10477,20,4094.51
1353,0.093091,20,4091.46
1354,0.105725,20,4083.22
1355,0.111814,20,4106.74
1356,0.141072,20,4099.75
1357,0.127568,20,4109.01
1358,0.09938,20,4109.24
1359,0.10944,20,4087.75
1360,0.144115,20,4089.81
1361,0.113629,20,4080.2
1362,0.103092,20,4096.79
1363,0.102928,20,4077.1
1364,0.12693,20,4097.13
1365,0.106169,20,4100
1366,0.119798,20,4099.72
1367,0.100534,20,4106.58
1368,0.105357,20,4093.58
1369,0.10036,20,4081.58
1370,0.097639,20,4109.47
1371,0.105841,20,4110.65
1372,0.10174,20,4095.84
1373,0.095674,20,4104.55
1374,0.100081,20,4084.94
1375,0.103005,20,4106.66
1376,0.13057,20,4100.37
1377,0.097894,20,4110.13
1378,0.106153,20,4080.11
1379,0.113094,20,4075.66
1380,0.151636,20,4086.19
1381,0.09981,20,4102.67
1382,0.097455,20,4094.63
1383,0.123208,20,4103.99
1384,0.129573,20,4091.31
1385,0.095019,20,4078.74
1386,0.100819,20,4113.07
1387,0.112832,20,4112.22
1388,0.096329,20,4117.03
1389,0.101515,20,4084.18
1390,0.112979,20,4088.31
1391,0.108421,20,4108.52
1392,0.104272,20,4061.11
1393,0.145957,20,4100.25
1394,0.099515,20,4102.4
1395,0.099597,20,4108.7
1396,0.113476,20,4084.53
1397,0.098889,20,4088.42
1398,0.102584,20,4098.67
1399,0.101375,20,4087.58
1400,0.122497,20,4094.27
1401,0.096696,20,4114.34
1402,0.11286,20,4090.7
1403,0.118275,20,4096.39
1404,0.113542,20,4104.98
1405,0.103133,20,4091.25
1406,0.117894,20,4101.13
1407,0.104013,20,4092.84
1408,0.111407,20,4108.33
1409,0.121745,20,4093.19
1410,0.098669,20,4095.13
1411,0.112026,20,4102.93
1412,0.107465,20,4105.71
1413,0.102127,20,4084.21
1414,0.09965,20,4079.98
1415,0.151484,20,4105.19
1416,0.106831,20,4110.49
1417,0.108875,20,4088.22
1418,0.092526,20,4107.31
1419,0.108455,20,4077.58
1420,0.11101,20,4107.38
1421,0.102945,20,4096.96
1422,0.111082,20,4086.41
1423,0.116903,20,4107.12
1424,0.107597,20,4098.82
1425,0.140531,20,4091.77
1426,0.110512,20,4079.74
1427,0.099353,20,4100.9
1428,0.119625,20,4103.11
1429,0.094631,20,4086.29
1430,0.104039,20,4086.08
1431,0.10743,20,4091.3
1432,0.103725,20,4086.11
1433,0.128783,20,4107.33
1434,0.128668,20,4133.23
1435,0.118322,20,4097.29
1436,0.121346,20,4103.68
1437,0.096051,20,4100.47
1438,0.136555,20,4093.59
1439,0.100097,20,4093
1440,0.128963,20,4088.53
1441,0.102887,20,4087.26
1442,0.128345,20,4080.21
1443,0.129157,20,4081.82
1444,0.103315,20,4110.66
1445,0.123159,20,4108.92
1446,0.116151,20,4083.61
1447,0.107727,20,4095.77
1448,0.101486,20,4098.03
1449,0.120859,20,4091.32
1450,0.123453,20,4108.69
1451,0.144041,20,4100.36
1452,0.1277,20,4090.59
1453,0.094622,20,4108
1454,0.093157,20,4096.71
1455,0.100813,20,4096.18
1456,0.103078,20,4082.61
1457,0.151453,20,4090.12
1458,0.112491,20,4116.32
1459,0.100552,20,4077.2
1460,0.112003,20,4092.13
1461,0.098858,20,4084.27
1462,0.127833,20,4085.56
1463,0.099988,20,4113.58
1464,0.106037,20,4086.42
1465,0.104041,20,4095.15
1466,0.104428,20,4109.13
1467,0.126027,20,4105.24
1468,0.123608,20,4095.39
1469,0.108511,20,4089.1
1470,0.113791,20,4109.71
1471,0.099515,20,4108.92
1472,0.151207,20,4080.98
1473,0.116923,20,4097.31
1474,0.096063,20,4104
1475,0.104121,20,4097.01
1476,0.099619,20,4117.05
1477,0.110135,20,4082.34
1478,0.167305,20,4098.55
1479,0.111991,20,4087.94
1480,0.117864,20,4108.78
1481,0.104775,20,4111.84
1482,0.114152,20,4098.17
1483,0.107263,20,4069.58
1484,0.137912,20,4099.24
1485,0.106368,20,4101.17
1486,0.141619,20,4110.71
1487,0.12931,20,4090.36
1488,0.100502,20,4091.02
1489,0.117245,20,4083.9
1490,0.133029,20,4091.28
1491,0.10103,20,4105.4
1492,0.12479,20,4080.61
1493,0.106038,20,4103.95
1494,0.104398,20,4080.58
1495,0.111313,20,4083.32
1496,0.111297,20,4082.82
1497,0.127754,20,4091.6
1498,0.138688,20,4086.87
1499,0.099601,20,4087.09
