freq_over_symbol_rate,alpha_0.0_db,alpha_0.2_db,alpha_0.35_db,alpha_0.5_db,alpha_1.0_db
-1.5,-38.192801933551365,-36.53732508769377,-39.13819708606721,-49.034399110584495,-62.88570999516872
-1.49609375,-38.20350642988832,-36.83291486638974,-39.67427853886785,-50.450827785675685,-68.52867867431641
-1.4921875,-38.23582445446601,-37.16364414573163,-40.2735679518793,-52.18675625090274,-91.46539751227232
-1.48828125,-38.29014987473893,-37.532598055041056,-40.94599501194442,-54.40744907064961,-69.7505170401679
-1.484375,-38.36699951669035,-37.943503761450174,-41.70450339387648,-57.45896645434931,-63.337626893704204
-1.48046875,-38.467024198246904,-38.40090304917626,-42.56638350812896,-62.293865532325285,-59.66860647286249
-1.4765625,-38.59102315258796,-38.91038931607545,-43.55543846689745,-74.44850194557114,-57.08803975288676
-1.47265625,-38.739962550040175,-39.47893989740817,-44.705698461029684,-68.0914989509998,-55.09868375316895
-1.46875,-38.9149990819426,-40.115393494431174,-46.068236471383834,-60.16796638332279,-53.48313781217195
-1.46484375,-39.11750991515022,-40.83115577509902,-47.72482708969255,-56.08355225873751,-52.126704258823054
-1.4609375,-39.34913080359912,-41.64127765196032,-49.81881594776258,-53.31493172390778,-50.96143744339816
-1.45703125,-39.61180481709824,-42.566170304304585,-52.638299524782255,-51.22240620582056,-49.94376861257666
-1.453125,-39.907845115613505,-43.63446896130004,-56.9157525321839,-49.544509560760595,-49.044099972197735
-1.44921875,-40.24001661554411,-44.88811329123476,-65.87757343420604,-48.14841829286391,-48.241422287313675
-1.4453125,-40.61164351529854,-46.39208641132147,-67.57947057048798,-46.957355600983554,-47.520300630208865
-1.44140625,-41.02675289057671,-48.25511480999573,-57.39403209797124,-45.92293052406635,-46.869078669714554
-1.4375,-41.49026965289845,-50.68055940717152,-52.82040415792579,-45.01268459891545,-46.27875454767235
-1.43359375,-42.00828635465407,-54.12308090170828,-49.836605676240886,-44.203800037909396,-45.74224801248393
-1.4296875,-42.58844493597177,-60.01972014048894,-47.62222730983524,-43.479638586119265,-45.25390619295596
-1.42578125,-43.24049095077189,-94.96268740274127,-45.86520660537741,-42.82770837810652,-44.80916066276216
-1.421875,-43.97710286889243,-60.26346245735486,-44.412982043771166,-42.23840553848274,-44.40428364810116
-1.41796875,-44.8151782153532,-54.13774411071296,-43.17947837963372,-41.704201373801375,-44.036211105330196
-1.4140625,-45.777916019220335,-50.57122009362105,-42.11134562143508,-41.219098441988116,-43.702412065354224
-1.41015625,-46.898371557183864,-48.04802900292957,-41.17323508366728,-40.77825552745036,-43.40079073273916
-1.40625,-48.22594097568042,-46.09774642571952,-40.34052724623527,-40.37772242292141,-43.12961226865034
-1.40234375,-49.839255978858745,-44.51175484252269,-39.59539910569548,-40.01424824780671,-42.88744604445184
-1.3984375,-51.87501120507953,-43.17907300511801,-38.92454471869457,-39.68514031312715,-42.673122037726216
-1.39453125,-54.60436713242171,-42.03358868901509,-38.31777941192194,-39.388158546644895,-42.48569731488861
-1.390625,-58.70018647476877,-41.0327333945456,-37.76714612592369,-39.12143546711662,-42.324430423237246
-1.38671875,-66.92292774370475,-40.147493189848475,-37.266321729763234,-38.88341487603832,-42.1887621364655
-1.3828125,-71.38794984540485,-39.357214618571845,-36.81021017849418,-38.67280451814253,-42.07830144852075
-1.37890625,-60.02163651892268,-38.64668406458292,-36.39465625009339,-38.488539357933796,-41.99281604848124
-1.375,-55.23098854459346,-38.00438211622533,-36.01623951292902,-38.329753075542726,-41.93222677274647
-1.37109375,-52.145660939354016,-37.42138779392101,-35.67212312052639,-38.1957560537363,-41.89660574787992
-1.3671875,-49.86645428845455,-36.890662451672426,-35.35994096962301,-38.08601860573881,-41.88617812877614
-1.36328125,-48.06076193581767,-36.40656578618214,-35.077712277264354,-38.000158543310725,-41.90132751974108
-1.359375,-46.568293851543594,-35.964519265657614,-34.82377613845886,-37.93793244804541,-41.94260535670344
-1.35546875,-45.29941490872463,-35.560766300304124,-34.596740909431745,-37.89923021467029,-42.01074474430865
-1.3515625,-44.19890533045261,-35.19219772327223,-34.395444783360766,-37.88407260365031,-42.10667950274655
-1.34765625,-43.23033838593624,-34.856222474868105,-34.218924961392176,-37.892611686904736,-42.23156951303328
-1.34375,-42.36842759806079,-34.55067027483042,-34.066393541156124,-37.92513420741127,-42.38683389441199
-1.33984375,-41.59491355993069,-34.27371738884767,-33.93721875459327,-37.98206801213604,-42.57419415980087
-1.3359375,-40.896191187175724,-34.023829377745024,-33.83091055532832,-38.06399186953853,-42.795730360338744
-1.33203125,-40.26186233790952,-33.79971655225673,-33.74710982830574,-38.1716491610006,-43.05395448164502
-1.328125,-39.68381200643256,-33.60029909241675,-33.685580701424314,-38.30596615650271,-43.35190720658237
-1.32421875,-39.155596183323105,-33.424679640478246,-33.64620560160401,-38.46807587121176,-43.69328696452378
-1.3203125,-38.67202325872863,-33.27212177193786,-33.62898283127707,-38.65934888331814,-44.0826245417139
-1.31640625,-38.2288600044546,-33.14203317474016,-33.634026557192,-38.88143302162053,-44.5255234717482
-1.3125,-37.822620257339,-33.033952676781865,-33.66156921095528,-39.13630457538434,-45.028997837786385
-1.30859375,-37.45041000069853,-32.947540492785045,-33.711966408232456,-39.426334749770824,-45.601958523161976
-1.3046875,-37.10981183101473,-32.88257123821781,-33.785704609284316,-39.754376663916666,-46.25593325553815
-1.30078125,-36.79879752000307,-32.838929397496265,-33.88341187682129,-40.1238805528495,-47.0061692637566
-1.296875,-36.515661009187234,-32.81660704873439,-34.005872249463074,-40.53904846968009,-47.873391255450215
-1.29296875,-36.25896653175469,-32.815703747319,-34.15404445552224,-41.00504551947231,-48.88674526735314
-1.2890625,-36.02750812454137,-32.83642856332942,-34.329085963445,-41.52829396564711,-50.08903952085693
-1.28515625,-35.82027785805486,-32.87910436019259,-34.53238373240198,-42.11689215683314,-51.54683695676829
-1.28125,-35.63644085022011,-32.94417450083058,-34.765593534236174,-42.7812273689102,-53.37204015632571
-1.27734375,-35.475315650377325,-33.03221228053025,-35.030690434600906,-43.534900932151,-55.77544204995466
-1.2734375,-35.3363589548415,-33.14393352210581,-35.33003405277292,-44.39617803800755,-59.234060825718416
-1.26953125,-35.219153890541264,-33.280212940757956,-35.66645373487416,-45.39036503976426,-65.29741735783429
-1.265625,-35.12340131007037,-33.442105110020044,-36.043361048305314,-46.55393162080032,-94.58617560909614
-1.26171875,-35.04891370130557,-33.6308711600885,-36.464900493998634,-47.94218274749212,-64.5439124992221
-1.2578125,-34.99561144271399,-33.84801275049501,-36.936154824538704,-49.644926569602255,-58.58298770092183
-1.25390625,-34.96352124269393,-34.095315432755434,-37.46343024664444,-51.8228408595472,-55.03660496030509
-1.25,-34.95277669639372,-34.37490433545284,-38.054661645068066,-54.809582855046976,-52.49801755330133
-1.24609375,-34.963620983641185,-34.68931628971892,-38.720003717277955,-59.5084748432986,-50.51877756472064
-1.2421875,-34.99641182354286,-35.04159426848349,-39.47272045653676,-70.83843815832364,-48.89764400019409
-1.23828125,-35.051628901823705,-35.43541266863615,-40.330573802722554,-66.13217664144581,-47.52683541464645
-1.234375,-35.1298841039127,-35.875246078982485,-41.31809020807313,-57.842163172466535,-46.34187573872432
-1.23046875,-35.2319350299102,-36.36660071784429,-42.47046840622023,-53.6554904074658,-45.30114184370827
-1.2265625,-35.35870244990121,-36.916338434639194,-43.84079930065973,-50.83190606098492,-44.376224403417986
-1.22265625,-35.51129259769313,-37.533141302573185,-45.51466728423428,-48.7013058971986,-43.546893560190924
-1.21875,-35.691025523960334,-38.22819672650918,-47.643575696754176,-46.99334046734939,-42.79825879172427
-1.21484375,-35.8994711743372,-39.0162416507156,-50.53680602209157,-45.57164967501433,-42.119067266792236
-1.2109375,-36.13849548210045,-39.91721813268454,-55.00434588192117,-44.357774096547445,-41.50063390157703
-1.20703125,-36.41031965793775,-40.959027115757046,-64.96627657576715,-43.30242347705453,-40.936141512540026
-1.203125,-36.717597161475275,-42.18238978307432,-63.57043824917554,-42.37261831884446,-40.42016781532804
-1.19921875,-37.063514777320016,-43.65010750471049,-54.41538901859445,-41.54522121007416,-39.94835689210022
-1.1953125,-37.45192716689162,-45.4665736820252,-50.03409892621609,-40.80338996414736,-39.51718576211815
-1.19140625,-37.887538862631565,-47.8251425394184,-47.124473392004475,-40.13449948219075,-39.123795418872255
-1.1875,-38.37615502814708,-51.15098204862531,-44.94497380621566,-39.52885821403391,-38.76586674422353
-1.18359375,-38.92503444822968,-56.73966902564381,-43.20498077490229,-38.978880592297074,-38.44152845408146
-1.1796875,-39.54339894910281,-78.26963616050294,-41.76016955405367,-38.47853409649959,-38.149288476837214
-1.17578125,-40.243190301332,-58.218904651071355,-40.52830739705541,-38.02295857231492,-37.88798291862254
-1.171875,-41.040234248269186,-51.73290759100467,-39.458079582733646,-37.60819739572332,-37.6567386059429
-1.16796875,-41.95610613495929,-48.03948892619519,-38.515317536024526,-37.23100346604902,-37.45494645975395
-1.1640625,-43.02127566321782,-45.445190040022666,-37.67613442597636,-36.88869659941272,-37.28224385671457
-1.16015625,-44.28075250246266,-43.44566309535768,-36.92318744008241,-36.57905707176213,-37.13850480795864
-1.15625,-45.80507838064544,-41.821192320589844,-36.2434996745128,-36.300245138749446,-37.02383732372692
-1.15234375,-47.714193305635234,-40.45609010643985,-35.627120661763776,-36.050739602255824,-36.93858779904534
-1.1484375,-50.237978733731865,-39.28190721290473,-35.06626575501724,-35.82929061682427,-36.88335270422982
-1.14453125,-53.91261070177974,-38.25478315094265,-34.5547427277066,-35.63488335285837,-36.85899834414847
-1.140625,-60.60853654937301,-37.344931700037016,-34.087557879430996,-35.46671010959714,-36.86669001710554
-1.13671875,-75.38146135780141,-36.531209477707634,-33.66063832682911,-35.32414915564551,-36.907932628552594
-1.1328125,-57.78988132181244,-35.798077188717286,-33.27063180096006,-35.20674906721141,-36.98462579648816
-1.12890625,-52.309741193699,-35.133790628505864,-32.91475953417581,-35.114217698633546,-37.099137875476565
-1.125,-48.946477079692016,-34.52926882081687,-32.59070637520991,-35.046415199514726,-37.25440536392781
-1.12109375,-46.51073809782794,-33.977356328318834,-32.29653756837069,-35.003350717947285,-37.45406723730039
-1.1171875,-44.600614520469925,-33.47232580624198,-32.03063500534335,-34.98518262209367,-37.702648534214944
-1.11328125,-43.03081179499468,-33.009532752007914,-31.791647959944488,-34.99222225042035,-38.00581518079413
-1.109375,-41.700468447295194,-32.58516991151992,-31.578454786914488,-35.02494137980081,-38.37073469292818
-1.10546875,-40.5485747997034,-32.19608883583593,-31.390133069377004,-35.08398379626891,-38.80659906018286
-1.1015625,-39.535415101486954,-31.839667837534815,-31.225936398504096,-35.17018158343545,-39.32540473361275
-1.09765625,-38.63369607230413,-31.51371273426963,-31.085276465786208,-35.284577031376344,-39.94315679092302
-1.09375,-37.823864471242516,-31.216381233676877,-30.967709509373016,-35.4284514455032,-40.68180684030686
-1.08984375,-37.091443700800056,-30.94612468448098,-30.87292642502254,-35.60336264574403,-41.57253504398429
-1.0859375,-36.42542730117711,-30.701642808422797,-30.80074605900593,-35.811193658923465,-42.6616761451388
-1.08203125,-35.81726298003348,-30.481848299256185,-30.751111365685965,-36.05421612574167,-44.022343375977925
-1.078125,-35.26018455617786,-30.28583904830151,-30.724088251665655,-36.33517343296766,-45.77992379821058
-1.07421875,-34.74875809161715,-30.11287636749058,-30.719867053263922,-36.657390808669696,-48.17773467542278
-1.0703125,-34.27856487706015,-29.962368017313374,-30.73876671470952,-37.0249230288304,-51.79547177091063
-1.06640625,-33.845974690354545,-29.833855165027362,-30.781241860422597,-37.44275574130915,-58.7637045771705
-1.0625,-33.4479802754302,-29.727002635403302,-30.847893096307928,-37.9170850704537,-68.94112151583012
-1.05859375,-33.08207436567353,-29.641591997670254,-30.939481044286815,-38.45571460605607,-54.1544924170417
-1.0546875,-32.74615692498267,-29.57751717601741,-31.05694482710625,-39.0686338534893,-48.737984751187646
-1.05078125,-32.43846427995868,-29.53478238996338,-31.20142599844855,-39.76888724993238,-45.27454720445355
-1.046875,-32.15751440329036,-29.5135023349901,-31.374299287560564,-40.57392809954273,-42.690764465534485
-1.04296875,-31.902064320637393,-29.513904611177445,-31.57721204392521,-41.50782280631856,-40.61121535951767
-1.0390625,-31.67107677137472,-29.536334505490537,-31.812134995514732,-42.60503884694379,-38.85988357855078
-1.03515625,-31.463694052697853,-29.581262339260515,-32.0814279819573,-43.9174140523269,-37.33993950197703
-1.03125,-31.279217538823726,-29.649293714584605,-32.387925863235196,-45.528172423773924,-35.99235913292602
-1.02734375,-31.11709177036948,-29.741183142130595,-32.73505211486759,-47.58375702051975,-34.77847705166462
-1.0234375,-30.976892304428425,-29.857851721745085,-33.12697116916538,-50.38025594708904,-33.67157146276049
-1.01953125,-30.858316737455922,-30.000409795186172,-33.56879615290949,-54.678986198527696,-32.65239318541755
-1.015625,-30.76117848414432,-30.170185824307815,-34.06687773292965,-63.95188651677489,-31.706609291794095
-1.01171875,-30.68540303246781,-30.368763208085845,-34.6292149441246,-64.3995905342739,-30.823254616040543
-1.0078125,-30.63102651009158,-30.598027398374583,-35.266055193348286,-54.59630157287538,-29.993748931098633
-1.00390625,-30.598196499757712,-30.860226600434288,-35.990798287088865,-50.052468965159406,-29.21124860056593
-1.0,-30.58717513898149,-31.158050697219824,-36.8214099979174,-47.0517042650043,-28.47020475719807
-0.99609375,-30.598344639767042,-31.494735053899415,-37.78273366122118,-44.805583452434306,-27.76605375659858
-0.9921875,-30.632215474736935,-31.874198935024527,-38.91048493670964,-43.010660769070334,-27.094995047183307
-0.98828125,-30.689437605947386,-32.30123307241585,-40.25865461218723,-41.51769453491951,-26.45382840147016
-0.984375,-30.770815292917646,-32.78175863686301,-41.91453990596614,-40.24218381225191,-25.839832427657417
-0.98046875,-30.877326222089533,-33.32319263816894,-44.033349413268546,-39.131642651029786,-25.250672397013354
-0.9765625,-31.01014597216189,-33.93497667138647,-46.934139737055595,-38.151255764342615,-24.68432928298305
-0.97265625,-31.170679199121874,-34.62936499869811,-51.46378725781528,-37.27676890206616,-24.139044407258744
-0.96875,-31.360599436834185,-35.42264103688534,-61.91328792052517,-36.49063421520771,-23.613275743491826
-0.96484375,-31.581900132978227,-36.33707582502732,-59.14270222491624,-35.779771840417766,-23.105663048476494
-0.9609375,-31.836960583570708,-37.4042475777585,-50.33674820178028,-35.13419748886044,-22.614999761373376
-0.95703125,-32.128631963402434,-38.671043013424104,-46.006426986748835,-34.54614315542862,-22.140210151337033
-0.953125,-32.460350953110336,-40.21145007756946,-43.10102427917424,-34.0094729797022,-21.68033057781257
-0.94921875,-32.836292002045276,-42.152489950274095,-40.90975663504888,-33.519283309405395,-21.234494004667223
-0.9453125,-33.261574840761924,-44.74125774826643,-39.15063354016014,-33.07162190971746,-20.801917111646976
-0.94140625,-33.74255289111527,-48.56947451779136,-37.68270509974242,-32.663286683918415,-20.381889496260076
-0.9375,-34.287223337515364,-55.8423379117818,-36.4253368006206,-32.29167895915996,-19.973764571053753
-0.93359375,-34.905825853890526,-65.25674363237646,-35.328074990754736,-31.954695195184346,-19.57695184575508
-0.9296875,-35.61174446418546,-51.22305749968115,-34.35726207421277,-31.650646426212035,-19.190910348198184
-0.92578125,-36.42291732766988,-46.04758886415916,-33.48933937215146,-31.378198225570273,-18.815142987558232
-0.921875,-37.364141435217995,-42.78846351419056,-32.707190003574205,-31.136326267511784,-18.44919170190104
-0.91796875,-38.471053969769486,-40.399388418073514,-31.998003056334753,-30.924284105909553,-18.092633262160135
-0.9140625,-39.797506840222745,-38.511478668196645,-31.351957886415104,-30.74158086962502,-17.74507562837179
-0.91015625,-41.43053134983349,-36.9511631821651,-30.76137769618707,-30.587967360890055,-17.406154772816755
-0.90625,-43.524759784878015,-35.62279392438776,-30.220165094374902,-30.463429647859563,-17.07553189974683
-0.90234375,-46.39772520810936,-34.46803417278588,-29.723414180391124,-30.368189743009424,-16.75289100345083
-0.8984375,-50.89051697226765,-33.44868173532128,-29.26713706451036,-30.30271341397473,-16.437936716177045
-0.89453125,-61.234060396763745,-32.53836634484773,-28.84806685518782,-30.267725633534145,-16.130392405363548
-0.890625,-58.64693459785432,-31.71813144713092,-28.463513125740782,-30.26423469241834,-15.829998486111288
-0.88671875,-49.76122654961968,-30.973905171928493,-28.111254272867615,-30.29356663406276,-15.536510920159273
-0.8828125,-45.394093314171265,-30.294967207107145,-27.78945638877427,-30.357412507407666,-15.249699877014457
-0.87890625,-42.45830910317346,-29.672975294050524,-27.49661159179537,-30.457892094144185,-14.969348536530465
-0.875,-40.23849524734587,-29.101322971435096,-27.231490935728715,-30.597639439036715,-14.695252015261156
-0.87109375,-38.451350604048436,-28.574702056927833,-26.993108477132786,-30.779918000283736,-14.427216401449364
-0.8671875,-36.955399399461605,-28.088796393978477,-26.78069408216796,-31.008777048704907,-14.165057885638067
-0.86328125,-35.66974636032873,-27.640062450683804,-26.59367326074648,-31.289266954423447,-13.908601975683483
-0.859375,-34.54378605820467,-27.225568986077946,-26.431652827838235,-31.627740767645996,-13.657682786464537
-0.85546875,-33.54375967398315,-26.842877877369254,-26.294411576595063,-32.0322859157033,-13.412142395868843
-0.8515625,-32.64603243077016,-26.489954265097207,-26.181895450922678,-32.51335848656775,-13.171830259729893
-0.84765625,-31.833424066060985,-26.165098004399525,-26.094216958750472,-33.08474478427725,-12.936602679324798
-0.84375,-31.09306634115879,-25.866890894959997,-26.03165879660161,-33.76507497672775,-12.706322315842701
-0.83984375,-30.41508343558786,-25.59415581171647,-25.994681882702345,-34.58031768889857,-12.48085774692221
-0.8359375,-29.79174302395173,-25.345924977949174,-25.98393824094558,-35.56813193919665,-12.260083060949006
-0.83203125,-29.216890074815495,-25.12141539845839,-26.00028946537062,-36.78602912097399,-12.043877485317157
-0.828125,-28.685557565482142,-24.920010020150375,-26.044831854556207,-38.32821257842648,-11.832125045301558
-0.82421875,-28.193691827472797,-24.74124358561937,-26.11892977883542,-40.36523370126958,-11.62471425057442
-0.8203125,-27.737954434348048,-24.58479244170134,-26.224259490716566,-43.257895827009506,-11.421537806734541
-0.81640625,-27.31557656429592,-24.450467792945474,-26.36286650144205,-48.01930544245622,-11.222492349510944
-0.8125,-26.924250190530643,-24.33821207293807,-26.537240966512698,-61.05611554039001,-11.02747819955892
-0.80859375,-26.562045671204753,-24.24809826162995,-26.750417478687577,-52.43206796840947,-10.836399135991186
-0.8046875,-26.22734863620931,-24.18033211780274,-27.006108635363113,-44.64759024225353,-10.649162186984283
-0.80078125,-25.918811241356273,-24.13525743426938,-27.308886368336218,-40.431753180285874,-10.465677435974246
-0.796875,-25.63531431333896,-24.113364570733292,-27.664432418886847,-37.47865881154604,-10.285857842108934
-0.79296875,-25.37593790128895,-24.115302687947285,-28.079891543266786,-35.18080347696903,-10.10961907375979
-0.7890625,-25.1399384428484,-24.141896312225725,-28.564381878783824,-33.28620786194794,-9.936879354016057
-0.78515625,-24.926731245635278,-24.194167121744364,-29.129753957024512,-31.66577382070689,-9.76755931719074
-0.78125,-24.73587734423493,-24.273362193813988,-29.791758849990366,-30.244427247355155,-9.60158187546231
-0.77734375,-24.567074061769798,-24.380990426819068,-30.571921641883094,-28.974616751911157,-9.438872094860224
-0.7734375,-24.420148813219885,-24.51886951391017,-31.50070149295766,-27.82430210281616,-9.279357079877531
-0.76953125,-24.29505585582531,-24.68918679352685,-32.623168902337454,-26.77085601891224,-9.122965866060621
-0.765625,-24.19187583552913,-24.894578685373453,-34.010069352807534,-25.797696931883607,-8.969629319986247
-0.76171875,-24.110818109763393,-25.138235483582605,-35.78187361575687,-24.892304968238776,-8.819280046089396
-0.7578125,-24.052225956645398,-25.424041426208962,-38.16989461187943,-24.04499074015029,-8.6718522998537
-0.75390625,-24.01658491934238,-25.756764882407843,-41.71508425401717,-23.24809819806823,-8.527281906919189
-0.75,-24.004534693603038,-26.142321411220145,-48.31586817125555,-22.495469927518506,-8.385506187700846
-0.74609375,-24.016885160506455,-26.588145565213658,-62.34412482302719,-21.782077565654603,-8.246463887146295
-0.7421875,-24.054637414245402,-27.103729844314685,-45.03657668338836,-21.103759681306848,-8.110095109292223
-0.73828125,-24.119010962692926,-27.701429505804605,-39.43622959973081,-20.4570316647351,-7.976341256307469
-0.734375,-24.21147872506245,-28.3977075131462,-35.93053273271341,-19.838945111898813,-7.845144971735969
-0.73046875,-24.333812073746095,-29.21514381526631,-33.34452059383798,-19.246981996551543,-7.716450087675861
-0.7265625,-24.488139054798935,-30.185851316578468,-31.279417921047195,-18.67897378252701,-7.590201575651685
-0.72265625,-24.677020212448646,-31.35767499321881,-29.550946312888776,-18.13303873522916,-7.466345500955259
-0.71875,-24.903548361059368,-32.80643400300976,-28.058619054302476,-17.607532726016487,-7.344828980247788
-0.71484375,-25.171481562339974,-34.6630277092209,-26.74155015965698,-17.101010184860638,-7.2256001422309035
-0.7109375,-25.485423102872584,-37.18423777571374,-25.560030774732788,-16.612192785873997,-7.108608091208181
-0.70703125,-25.85106952393536,-40.99414079023024,-24.48671236860473,-16.139944095685614,-6.993802873371089
-0.703125,-26.275559718725567,-48.50979777842763,-23.501949257176985,-15.683248870158389,-6.881135445654561
-0.69921875,-26.76797852328461,-55.57229846634981,-22.591147539236264,-15.24119601120368,-6.770557647017489
-0.6953125,-27.3401044565167,-42.68737195379255,-21.743164988513968,-14.812964432314184,-6.66202217201266
-0.69140625,-28.00755859850714,-37.54390055888236,-20.949298451754874,-14.397811255549776,-6.555482546518878
-0.6875,-28.79164373231793,-34.22076240273901,-20.20261749859495,-13.995061892180022,-6.450893105515441
-0.68359375,-29.72243969176112,-31.737321989955767,-19.49751128326526,-13.604101656491437,-6.348208972785848
-0.6796875,-30.844349255378283,-29.740493578008795,-18.829371643944384,-13.22436863612683,-6.24738604244374
-0.67578125,-32.22686774979844,-28.062363516781193,-18.194366055302183,-12.855347598909926,-6.148380962179357
-0.671875,-33.987881414420876,-26.609764674326968,-17.58927148962335,-12.496564759835787,-6.051151118129842
-0.66796875,-36.35245229629365,-25.32558000832691,-17.011350568318143,-12.14758326597449,-5.955654621280942
-0.6640625,-39.84174474489825,-24.172241900891333,-16.458257705007057,-11.807999283778571,-5.861850295311783
-0.66015625,-46.241812639755125,-23.123710560319534,-15.927966922322769,-11.477438594429167,-5.769697665797679
-0.65625,-62.95622192560778,-22.16118694242915,-15.418715597697371,-11.155553619687254,-5.6791569506894675
-0.65234375,-43.642621106350276,-21.270650402345687,-14.928960095166829,-10.842020814199744,-5.590189051990189
-0.6484375,-37.91319044694016,-20.441361739945524,-14.457340389154677,-10.536538371077333,-5.502755548553085
-0.64453125,-34.36330195344995,-19.66491027413188,-14.002651576476579,-10.23882419636902,-5.416818689926623
-0.640625,-31.756364540132086,-18.934583672006138,-13.563820725674649,-9.948614115236659,-5.332341391174714
-0.63671875,-29.67991940736691,-18.244937625429003,-13.139887905587031,-9.665660278512892,-5.249287228601956
-0.6328125,-27.944926108255352,-17.59149382911564,-12.729990518109007,-9.389729743166317,-5.167620436315456
-0.62890625,-26.448812247804504,-16.97052292222507,-12.333350266740888,-9.120603204200588,-5.087305903556427
-0.625,-25.129638832842176,-16.37888522804227,-11.949262245197687,-8.858073858839676,-5.008309172735986
-0.62109375,-23.947111626125274,-15.813911749281758,-11.577085744427917,-8.601946386625375,-4.9305964381111655
-0.6171875,-22.87353355429746,-15.273313790634536,-11.216236462501668,-8.352036031376901,-4.854134545038081
-0.61328125,-21.88904073305612,-14.755113319920369,-10.866179867462737,-8.108167772916165,-4.778890989740664
-0.609375,-20.978897544711266,-14.25758860455886,-10.526425513717324,-7.870175578111404,-4.70483391953432
-0.60546875,-20.131867274686194,-13.779231268946237,-10.196522151679812,-7.637901722188567,-4.6319321334450185
-0.6015625,-19.33918267881665,-13.318712007494806,-9.876053500998738,-7.411196172446922,-4.560155083165515
-0.59765625,-18.593869482735958,-12.874852939112934,-9.56463458178501,-7.189916027527671,-4.489472874291365
-0.59375,-17.890286875698735,-12.446605115484106,-9.261908517375796,-6.973925006250177,-4.419856267780636
-0.58984375,-17.223806479294545,-12.03303007039276,-8.967543737422737,-6.763092980773202,-4.351276681582327
-0.5859375,-16.590582542705118,-11.633284567998656,-8.681231522346817,-6.5572955494780665,-4.283706192379695
-0.58203125,-15.987383917088728,-11.246607905893873,-8.402683840102265,-6.356413645521953,-4.217117537395978
-0.578125,-15.411468887841336,-10.872311275256912,-8.131631434235764,-6.160333177487204,-4.1514841162112965
-0.57421875,-14.860490377578017,-10.509768790021523,-7.8678221287970835,-5.968944698966316,-4.086779992540845
-0.5703125,-14.332423081720673,-10.158409879831067,-7.611019321050491,-5.7821431042826035,-4.0229798959260785
-0.56640625,-13.825506713305968,-9.817712804780411,-7.361000637384876,-5.599827347860504,-3.960059223291995
-0.5625,-13.338201261482993,-9.48719909863464,-7.117556731506481,-5.421900185033831,-3.8979940403253117
-0.55859375,-12.869151333848807,-9.166428785016333,-6.880490207065707,-5.248267932320787,-3.8367610826300473
-0.5546875,-12.417157454030328,-8.854996240633948,-6.649614649433007,-5.078840245405431,-3.77633775661879
-0.55078125,-11.98115274612486,-8.552526602941997,-6.424753753489497,-4.913529913251047,-3.7167021400998914
-0.546875,-11.560183835397517,-8.258672638132284,-6.20574053610937,-4.752252666934481,-3.6578329825227085
-0.54296875,-11.153395081130721,-7.973112000142963,-5.992416623542153,-4.594927001935097,-3.5997097048452247
-0.5390625,-10.760015466575943,-7.695544823259327,-5.784631605201566,-4.441474012740007,-3.5423123989903713
-0.53515625,-10.379347625354086,-7.4256916004921365,-5.582242446472937,-4.29181723874068,-3.48562182685982
-0.53125,-10.010758598957946,-7.163291307734373,-5.3851129540947955,-4.145882520496922,-3.429619418876137
-0.52734375,-9.653672007021473,-6.908099740084733,-5.193113288478486,-4.003597865533878,-3.3742872720266988
-0.5234375,-9.307561378315988,-6.6598880319733365,-5.006119518023779,-3.8648933229178444,-3.319608147385233
-0.51953125,-8.971944441401707,-6.418441337055433,-4.824013211086658,-3.7297008659280344,-3.265565467089257
-0.515625,-8.646378213379345,-6.183557647429359,-4.646681061771984,-3.5979542822054134,-3.212143310754402
-0.51171875,-8.330454756066692,-5.955046734724517,-4.474014546171232,-3.4695890708170833,-3.159326411309073
-0.5078125,-8.023797493236392,-5.732729198104688,-4.30590960605417,-3.344542345725943,-3.107100150235642
-0.50390625,-7.726058001825015,-5.516435606330276,-4.142266357361514,-3.2227527452017606,-3.055450552206957
-0.5,-7.436913205404698,-5.306005722790798,-3.9829888211408933,-3.104160346751174,-3.0043642791096756
-0.49609375,-7.156062910560008,-5.101287803914019,-3.8279846748265625,-2.9887065871818215,-2.953828623448544
-0.4921875,-6.883227636789476,-4.902137962626627,-3.6771650219897745,-2.8763341874494994,-2.903831501128468
-0.48828125,-6.618146698655428,-4.708419589621382,-3.5304441788854417,-2.7669870819679088,-2.854361443613818
-0.484375,-6.360576505523121,-4.520002826108161,-3.3877394762959283,-2.660610352088126,-2.8054075894670287
-0.48046875,-6.110289049661512,-4.336764082516568,-3.2489710753271517,-2.5571501634801805,-2.75695967527112
-0.4765625,-5.8670705579566,-4.158585598296968,-3.114061795948828,-2.456553707171612,-2.709008025943283
-0.47265625,-5.630720286198562,-3.98535503855181,-2.9829369571915567,-2.3587691440187837,-2.6615435444491387
-0.46875,-5.401049437990927,-3.8169651237349362,-2.8555242280207436,-2.263745552405275,-2.6145577009296055
-0.46484375,-5.177880192909033,-3.6533132890943953,-2.7317534880028287,-2.1714328789788424,-2.568042521254619
-0.4609375,-4.96104483069854,-3.494301370915025,-2.6115566969642106,-2.0817818922540363,-2.521990575020217
-0.45703125,-4.7503849401261595,-3.3398353169481116,-2.494867772919066,-1.9947441389215312,-2.4763949630074715
-0.453125,-4.545750702634106,-3.1898249187047885,-2.3816224776100077,-1.9102719027183337,-2.4312493041238503
-0.44921875,-4.347000242255088,-3.044183563542615,-2.271758309066198,-1.8283181657246201,-2.3865477218494
-0.4453125,-4.153999034355209,-2.9028280046967065,-2.1652144006379137,-1.748836571963841,-2.342284830211929
-0.44140625,-3.9666193667201775,-2.7656781476015393,-2.061931426015347,-1.6717813931923855,-2.298455719316959
-0.4375,-3.784739847311781,-2.6326568510211716,-1.9618515097834868,-1.5971074967741619,-2.2550559404597497
-0.43359375,-3.6082449537186116,-2.503689741657063,-1.8649181431043347,-1.5247703155434569,-2.212081490847987
-0.4296875,-3.4370246199251846,-2.378705041036415,-1.7710761041536545,-1.4547258195670107,-2.169528797965052
-0.42578125,-3.2709738565420214,-2.2576334036026418,-1.6802713829715126,-1.3869304897229338,-2.1273947036046827
-0.421875,-3.10999240108776,-2.140407765034676,-1.5924511104152859,-1.3213412930202368,-2.085676447609037
-0.41796875,-2.953984395304237,-2.02696319991549,-1.5075634909301678,-1.2579156595884342,-2.0443716513426367
-0.4140625,-2.8028580868240915,-1.9172367879534606,-1.4255577388763554,-1.1966114612716767,-2.0034783009356127
-0.41015625,-2.656525552806277,-1.8111674880346829,-1.3463840181738604,-1.1373869917665482,-1.9629947303299613
-0.40625,-2.514902443413281,-1.7086960194507466,-1.2699933850459664,-1.0802009482467718,-1.922919604163035
-0.40234375,-2.377907743230186,-1.6097647497061243,-1.1963377336602816,-1.0250124144218433,-1.8832519005226107
-0.3984375,-2.245463548924702,-1.5143175883627804,-1.1253697444832287,-0.9717808449799856,-1.8439908936080582
-0.39453125,-2.1174948616220552,-1.422299886427536,-1.0570428351786554,-0.9204660513687944,-1.8051361363320286
-0.390625,-1.993929392623062,-1.3336583408312295,-0.9913111138954539,-0.8710281888696332,-1.7666874428970432
-0.38671875,-1.8746973812297931,-1.2483409035875002,-0.9281293348016117,-0.823427744924182,-1.7286448713808735
-0.3828125,-1.7597314235639963,-1.1662966952545637,-0.867452855733996,-0.7776255286735998,-1.691008706364501
-0.37890625,-1.6489663113703896,-1.0874759223551653,-0.8092375978438382,-0.7335826616725449,-1.6537794416356832
-0.375,-1.5423388798919768,-1.0118297984390827,-0.753440007127963,-0.6912605697418163,-1.616957763000729
-0.37109375,-1.4397878639892312,-0.9393104684988747,-0.7000170177448627,-0.6506209759246573,-1.580544531236328
-0.3671875,-1.3412537617504394,-0.8698709364737265,-0.6489260170233168,-0.6116258945127974,-1.54454076521248
-0.36328125,-1.246678704908112,-0.8034649955983274,-0.6001248120790899,-0.5742376261091277,-1.5089476252167986
-0.359375,-1.1560063354366497,-0.74004716137389,-0.5535715979625234,-0.5384187536946163,-1.4737663965094125
-0.35546875,-1.0691816877609404,-0.6795726069570174,-0.5092249272666456,-0.504132139667351,-1.4389984731368044
-0.3515625,-0.986151076054166,-0.6219971007793098,-0.4670436811317652,-0.4713409238220015,-1.4046453420317608
-0.34765625,-0.9068619861473294,-0.5672769462264943,-0.4269870415883393,-0.44000852223804443,-1.3707085674256305
-0.34375,-0.8312629716127208,-0.5153689232205823,-0.3890144651854894,-0.4100986270449847,-1.3371897755977784
-0.33984375,-0.7593035536196592,-0.4662302315623257,-0.35308565785756796,-0.38157520703269115,-1.3040906399860699
-0.3359375,-0.6909341241938005,-0.4198184359042205,-0.3191605509861549,-0.35440250907459786,-1.2714128666808873
-0.33203125,-0.6261058525411347,-0.3760914122363095,-0.2871992786191952,-0.32854506033107456,-1.239158180324035
-0.328125,-0.564770594125489,-0.3350072957786124,-0.25716215581337115,-0.30396767119975965,-1.2073283104325208
-0.32421875,-0.5068808022134677,-0.29652443018485275,-0.2290096580697063,-0.2806354389789489,-1.1759249781659713
-0.3203125,-0.4523894416243738,-0.26060131797257147,-0.20270240183618043,-0.258513752209507,-1.1449498835551533
-0.31640625,-0.40124990444427344,-0.22719657210467617,-0.17820112605466554,-0.23756829565990756,-1.114404693207752
-0.3125,-0.35341592748389905,-0.1962688686571595,-0.15546667473276848,-0.21776505591819134,-1.0842910285062866
-0.30859375,-0.3088415112791909,-0.16777690051700353,-0.13445998052435637,-0.19907032755377702,-1.054610454311711
-0.3046875,-0.2674808404516008,-0.14167933206341587,-0.11514204930546112,-0.1814507198111198,-1.0253644681850558
-0.30078125,-0.22928820526261423,-0.11793475479453447,-0.09747394573501532,-0.1648731637963172,-0.9965544901380935
-0.296875,-0.19421792421386888,-0.09650164387042186,-0.08141677979253362,-0.14930492011683855,-0.9681818529228479
-0.29296875,-0.16222426756046887,-0.077338315551955,-0.06693169428725877,-0.13471358693359362,-0.9402477928684805
-0.2890625,-0.13326138162119805,-0.06040288552385933,-0.0539798533356234,-0.12106710838374579,-0.9127534412729037
-0.28515625,-0.1072832137851103,-0.0456532280986999,-0.04252243180600897,-0.10833378333181388,-0.885699816355281
-0.28125,-0.08424343812982092,-0.033046936307369386,-0.032520605731813076,-0.09648227440572901,-0.8590878157744015
-0.27734375,-0.06409538158263628,-0.02254128289015216,-0.02393554369568055,-0.08548161727392976,-0.8329182097167711
-0.2734375,-0.04679195057176331,-0.01409318221131384,-0.01672839918948896,-0.07530123011881566,-0.8071916345571903
-0.26953125,-0.032285558131184326,-0.007659153128801719,-0.010860303956207584,-0.06591092326136783,-0.78190858709344
-0.265625,-0.02052805143965339,-0.003195282859623623,-0.0062923623212801216,-0.057280908891332,-0.7570694193557498
-0.26171875,-0.011470639791439943,-0.0006571918903564682,-0.0029856465223197614,-0.04938181085694421,-0.7326743339905422
-0.2578125,-0.005063823014586269,8.686661818707667e-12,-0.0009011930471739675,-0.04218467446804329,-0.70872338021709
-0.25390625,-0.0012573203708806007,-0.001178293402046335,8.686661818707667e-12,-0.03566097626635514,-0.6852164503547118
-0.25,8.686661818707667e-12,-0.004146093264973423,-0.0002430254463656858,-0.029782633716737658,-0.6621532769171028
-0.24609375,-0.0012398089210100094,-0.008856825393354856,-0.001591186932237089,-0.024522014773506413,-0.6395334302696493
-0.2421875,-0.0049237038688476455,-0.015263291468945435,-0.004005361885795101,-0.019851947276321148,-0.6173563168444834
-0.23828125,-0.010997582779180245,-0.023317641774158036,-0.00744638921943217,-0.015745728130694144,-0.5956211779073801
-0.234375,-0.01940621736626398,-0.03297134957273061,-0.011875071962897171,-0.012177132228979958,-0.5743270888695781
-0.23046875,-0.030093186776225994,-0.04417518726213349,-0.017252181001807695,-0.009120421068559781,-0.553472959136899
-0.2265625,-0.04300081256674597,-0.05687920443014489,-0.023538459926059456,-0.006550351025205275,-0.5330575324877109
-0.22265625,-0.05807009522094702,-0.07103270795676626,-0.030694631000842368,-0.004442181240765366,-0.5130793879705031
-0.21875,-0.07524065243934289,-0.08658424431150799,-0.03868140227245807,-0.002771681085974461,-0.4935369413111238
-0.21484375,-0.09445065948197087,-0.10348158420419057,-0.04745947582018241,-0.00151513716075632,-0.47442844681892615
-0.2109375,-0.11563679186208933,-0.12167170975554858,-0.05698955716452568,-0.000649359796394277,-0.4557519997804639
-0.20703125,-0.13873417072271313,-0.14110080436111738,-0.06723236584089844,-0.00015168902590320985,-0.4375055393285685
-0.203125,-0.16367631125775964,-0.1617142454287733,-0.07814864714620319,8.684733163774562e-12,-0.41968685177408044
-0.19921875,-0.19039507457068058,-0.18345660017630608,-0.08969918506424897,-0.00017270775881140883,-0.4022935743867193
-0.1953125,-0.2188206233944281,-0.20627162468051605,-0.10184481637391068,-0.0006487715154729079,-0.3853231996110707
-0.19140625,-0.24888138212789712,-0.23010226637360115,-0.11454644594178715,-0.0014076981239366786,-0.36877307970293255
-0.1875,-0.2805040016744626,-0.25489067018551664,-0.12776506319880657,-0.002429545014213076,-0.3526404317707099
-0.18359375,-0.31361332959825505,-0.28057818853278327,-0.14146175979748082,-0.003694922394967401,-0.3369223432059486
-0.1796875,-0.34813238614249953,-0.3071053953545389,-0.1555977484438499,-0.005184994769610847,-0.32161577748650105
-0.17578125,-0.3839823466812154,-0.33441210439524777,-0.17013438289489008,-0.006881481745837112,-0.30671758033527
-0.171875,-0.4210825312004288,-0.3624373919304904,-0.18503317910908337,-0.008766658130515746,-0.2922244862169736
-0.16796875,-0.4593504014269556,-0.3911196241271824,-0.20025583753415643,-0.010823353305287541,-0.2781331251547426
-0.1640625,-0.49870156624139916,-0.42039648922255873,-0.21576426651248787,-0.013034949881567568,-0.26444002984797627
-0.16015625,-0.5390497960262584,-0.4502050346968492,-0.2315206067806244,-0.015385381637201899,-0.2511416430723308
-0.15625,-0.5803070466095249,-0.4804817096029624,-0.24748725703542487,-0.017859130740527702,-0.23823432534226627
-0.15234375,-0.6223834934677566,-0.5111624122021006,-0.2636269005349966,-0.02044122427092229,-0.22571436281611512
-0.1484375,-0.6651875768498273,-0.5421825430374917,-0.279902532698318,-0.023117230048623934,-0.21357797542325968
-0.14453125,-0.7086260584722005,-0.5734770635586516,-0.2962774896628697,-0.025873251789805603,-0.20182132519258048
-0.140625,-0.7526040904181402,-0.6049805603861511,-0.3127154777550175,-0.028695923606391636,-0.19044052476095935
-0.13671875,-0.7970252968455533,-0.6366273152814685,-0.32918060382318254,-0.03157240387330612,-0.17943164604033748
-0.1328125,-0.8417918690706268,-0.6683513808582526,-0.34563740637914664,-0.03449036848905684,-0.16879072902144646
-0.12890625,-0.8868046745460798,-0.7000866620400463,-0.3620508874879742,-0.03743800355863217,-0.15851379069213498
-0.125,-0.9319633801932099,-0.7317670032355573,-0.37838654534239735,-0.04040399753058353,-0.1485968340479201
-0.12109375,-0.9771665904750697,-0.7633262811657192,-0.394610407452666,-0.043377532822996966,-0.13903585717220585
-0.1171875,-1.0223120005139752,-0.7946985032373826,-0.410689064378322,-0.046348276975609476,-0.12982686236343863
-0.11328125,-1.0672965644594659,-0.8258179113166795,-0.4265897039236887,-0.04930637336783034,-0.12096586528639562
-0.109375,-1.1120166792029003,-0.8566190907110921,-0.4422801457146406,-0.052242431544633455,-0.11244890412465278
-0.10546875,-1.1563683834120677,-0.8870370841234448,-0.4577288760698086,-0.05514751719429764,-0.10427204871125462
-0.1015625,-1.2002475717240981,-0.9170075102936502,-0.4729050830755266,-0.05801314182383174,-0.09643140961472381
-0.09765625,-1.2435502237878189,-0.946466686995696,-0.48777869177002975,-0.06083125217947992,-0.08892314715742072
-0.09375,-1.2861726476890318,-0.9753517580082487,-0.5023203993390067,-0.06359421946109217,-0.08174348034358521
-0.08984375,-1.3280117371246831,-1.0036008236281642,-0.5165017102214431,-0.06629482838018037,-0.07488869567435692
-0.0859375,-1.3689652415167872,-1.0311530742475996,-0.5302949710220939,-0.06892626611242067,-0.06835515582745604
-0.08203125,-1.4089320480756835,-1.0579489264678537,-0.5436734051245036,-0.07148211119595972,-0.062139308179353286
-0.078125,-1.4478124746375354,-1.0839301611772605,-0.5566111468966481,-0.07395632242715307,-0.056237693148181625
-0.07421875,-1.4855085719152958,-1.1090400629772184,-0.5690832753799592,-0.07634322780556911,-0.050646952335901656
-0.0703125,-1.5219244336187323,-1.133223560300069,-0.5810658473514805,-0.07863751357990124,-0.045363836448842954
-0.06640625,-1.556966512720839,-1.156427365526242,-0.59253592964873,-0.08083421344593267,-0.04038521297603753
-0.0625,-1.5905439419783152,-1.1786001143760987,-0.6034716306468582,-0.08292869794718824,-0.035708073605521286
-0.05859375,-1.622568856656443,-1.1996925038252213,-0.6138521307786569,-0.08491666412781795,-0.03132954135920476
-0.0546875,-1.652956717267526,-1.219657427770969,-0.6236577119892543,-0.08679412548629178,-0.02724687742770493
-0.05078125,-1.6816266300101115,-1.2384501096635507,-0.6328697860193087,-0.08855740227688713,-0.023457487687205233
-0.046875,-1.7085016624978104,-1.256028231307347,-0.6414709214131799,-0.09020311220454372,-0.019958928881185427
-0.04296875,-1.733509152294139,-1.2723520570378457,-0.6494448691516254,-0.0917281615566364,-0.016748914450672836
-0.0390625,-1.7565810057271525,-1.287384552487099,-0.6567765868125108,-0.09312973681330686,-0.013825319997637309
-0.03515625,-1.7776539844466641,-1.3010914971659364,-0.6634522611672573,-0.09440529677568352,-0.011186188366915567
-0.03125,-1.796669977209894,-1.3134415901147845,-0.6694593291258384,-0.09555256524890365,-0.008829734333200629
-0.02734375,-1.813576254439769,-1.3244065479063338,-0.6747864969485683,-0.09656952431425134,-0.006754348880545924
-0.0234375,-1.8283257031944773,-1.3339611943230971,-0.6794237576489898,-0.09745440822195628,-0.004958603062928358
-0.01953125,-1.8408770403171395,-1.3420835410800402,-0.6833624065187114,-0.09820569793328023,-0.003441251435473566
-0.015625,-1.8511950016998615,-1.3487548590171992,-0.686595054712037,-0.0988221163374853,-0.0022012350471752058
-0.01171875,-1.8592505057950959,-1.3539597392487162,-0.6891156408356057,-0.099302624166093,-0.0012376839870007791
-0.0078125,-1.86502078973692,-1.3576861438224492,-0.6909194404960662,-0.09964641662356812,-0.0005499194765090564
-0.00390625,-1.8684895166920457,-1.3599254455174785,-0.6920030737668847,-0.09985292075023912,-0.00013745550336866265
0.0,-1.8696468533412696,-1.3606724564847439,-0.6923645105438002,-0.09992179352979998,8.686661818707667e-12
0.00390625,-1.8684895166920457,-1.3599254455174807,-0.6920030737668847,-0.09985292075024009,-0.00013745550337059133
0.0078125,-1.8650207897369189,-1.3576861438224492,-0.6909194404960652,-0.09964641662356812,-0.0005499194765090564
0.01171875,-1.8592505057950959,-1.3539597392487162,-0.6891156408356057,-0.099302624166093,-0.0012376839869998146
0.015625,-1.8511950016998637,-1.3487548590171992,-0.686595054712037,-0.0988221163374853,-0.0022012350471752058
0.01953125,-1.8408770403171395,-1.3420835410800425,-0.6833624065187114,-0.09820569793328023,-0.0034412514354745308
0.0234375,-1.8283257031944773,-1.3339611943230993,-0.6794237576489908,-0.09745440822195628,-0.004958603062929323
0.02734375,-1.813576254439769,-1.3244065479063327,-0.6747864969485683,-0.09656952431425134,-0.006754348880545924
0.03125,-1.796669977209894,-1.3134415901147845,-0.6694593291258395,-0.09555256524890464,-0.008829734333200629
0.03515625,-1.7776539844466641,-1.3010914971659377,-0.6634522611672573,-0.09440529677568352,-0.011186188366915567
0.0390625,-1.7565810057271536,-1.287384552487099,-0.6567765868125108,-0.09312973681330686,-0.01382531999763924
0.04296875,-1.733509152294139,-1.2723520570378468,-0.6494448691516254,-0.09172816155663446,-0.016748914450673804
0.046875,-1.7085016624978104,-1.256028231307347,-0.6414709214131799,-0.09020311220454469,-0.019958928881185427
0.05078125,-1.6816266300101137,-1.2384501096635507,-0.6328697860193107,-0.08855740227688907,-0.0234574876872062
0.0546875,-1.6529567172675268,-1.219657427770969,-0.6236577119892555,-0.08679412548629374,-0.027246877427705898
0.05859375,-1.622568856656443,-1.1996925038252213,-0.6138521307786569,-0.0849166641278199,-0.03132954135920476
0.0625,-1.5905439419783152,-1.1786001143760987,-0.6034716306468582,-0.08292869794718824,-0.035708073605521286
0.06640625,-1.556966512720839,-1.156427365526242,-0.59253592964873,-0.08083421344593364,-0.04038521297603753
0.0703125,-1.52192443361873,-1.133223560300069,-0.5810658473514805,-0.07863751357990124,-0.045363836448842954
0.07421875,-1.4855085719152947,-1.1090400629772184,-0.5690832753799582,-0.07634322780556911,-0.050646952335901656
0.078125,-1.4478124746375354,-1.0839301611772605,-0.5566111468966481,-0.07395632242715307,-0.056237693148180654
0.08203125,-1.4089320480756835,-1.0579489264678514,-0.5436734051245036,-0.07148211119595972,-0.062139308179353286
0.0859375,-1.3689652415167894,-1.0311530742475996,-0.530294971022096,-0.06892626611242261,-0.06835515582745604
0.08984375,-1.3280117371246831,-1.0036008236281642,-0.5165017102214431,-0.06629482838018037,-0.07488869567435692
0.09375,-1.2861726476890318,-0.9753517580082487,-0.5023203993390067,-0.06359421946109217,-0.08174348034358521
0.09765625,-1.2435502237878189,-0.946466686995696,-0.48777869177002975,-0.06083125217947992,-0.08892314715742072
0.1015625,-1.2002475717240981,-0.9170075102936492,-0.4729050830755266,-0.05801314182383174,-0.09643140961472381
0.10546875,-1.1563683834120677,-0.8870370841234448,-0.4577288760698066,-0.05514751719429764,-0.10427204871125365
0.109375,-1.1120166792029003,-0.8566190907110932,-0.4422801457146406,-0.05224243154463443,-0.11244890412465278
0.11328125,-1.067296564459468,-0.8258179113166815,-0.4265897039236887,-0.04930637336783034,-0.12096586528639855
0.1171875,-1.022312000513976,-0.7946985032373826,-0.410689064378322,-0.04634827697561044,-0.12982686236343666
0.12109375,-0.9771665904750697,-0.7633262811657213,-0.39461040745266907,-0.04337753282299891,-0.13903585717220585
0.125,-0.9319633801932099,-0.7317670032355573,-0.37838654534239735,-0.04040399753058353,-0.1485968340479201
0.12890625,-0.8868046745460798,-0.7000866620400463,-0.36205088748797326,-0.03743800355863121,-0.15851379069213303
0.1328125,-0.8417918690706245,-0.6683513808582526,-0.3456374063791456,-0.03449036848905491,-0.16879072902144449
0.13671875,-0.7970252968455522,-0.6366273152814695,-0.3291806038231815,-0.03157240387330612,-0.1794316460403355
0.140625,-0.7526040904181381,-0.6049805603861511,-0.3127154777550165,-0.028695923606391636,-0.19044052476095935
0.14453125,-0.7086260584722005,-0.5734770635586527,-0.2962774896628707,-0.025873251789805603,-0.20182132519258048
0.1484375,-0.6651875768498284,-0.5421825430374928,-0.279902532698318,-0.023117230048624902,-0.21357797542325968
0.15234375,-0.6223834934677566,-0.5111624122021006,-0.2636269005349966,-0.02044122427092229,-0.22571436281611315
0.15625,-0.5803070466095249,-0.4804817096029624,-0.24748725703542487,-0.017859130740527702,-0.23823432534226627
0.16015625,-0.5390497960262584,-0.4502050346968492,-0.2315206067806244,-0.015385381637201899,-0.2511416430723308
0.1640625,-0.49870156624139916,-0.42039648922255873,-0.2157642665124869,-0.01303494988156274,-0.26444002984797627
0.16796875,-0.4593504014269535,-0.3911196241271824,-0.20025583753415643,-0.010823353305285612,-0.2781331251547436
0.171875,-0.4210825312004298,-0.3624373919304924,-0.18503317910908337,-0.008766658130515746,-0.2922244862169746
0.17578125,-0.3839823466812154,-0.33441210439524777,-0.17013438289489302,-0.006881481745837112,-0.306717580335272
0.1796875,-0.3481323861425015,-0.3071053953545389,-0.1555977484438499,-0.005184994769611812,-0.32161577748650105
0.18359375,-0.31361332959825605,-0.28057818853278327,-0.14146175979748082,-0.003694922394967401,-0.3369223432059486
0.1875,-0.2805040016744636,-0.25489067018551664,-0.1277650631988046,-0.0024295450142140405,-0.3526404317707099
0.19140625,-0.24888138212789712,-0.23010226637360115,-0.11454644594178715,-0.0014076981239357139,-0.36877307970293255
0.1953125,-0.2188206233944281,-0.20627162468051505,-0.1018448163739097,-0.0006487715154729079,-0.3853231996110707
0.19921875,-0.19039507457068058,-0.18345660017630608,-0.08969918506424897,-0.00017270775880851578,-0.4022935743867163
0.203125,-0.1636763112577616,-0.1617142454287733,-0.07814864714620222,8.686661818707667e-12,-0.41968685177408044
0.20703125,-0.13873417072271313,-0.14110080436111738,-0.06723236584089941,-0.00015168902590706723,-0.4375055393285685
0.2109375,-0.1156367918620903,-0.12167170975554958,-0.056989557164527624,-0.000649359796394277,-0.4557519997804639
0.21484375,-0.09445065948196892,-0.10348158420418958,-0.04745947582018241,-0.0015151371607572846,-0.4744284468189272
0.21875,-0.07524065243934289,-0.08658424431150605,-0.03868140227245807,-0.0027716810859754254,-0.4935369413111238
0.22265625,-0.05807009522094702,-0.07103270795676529,-0.030694631000842368,-0.004442181240763437,-0.5130793879705031
0.2265625,-0.04300081256674597,-0.056879204430143916,-0.02353845992605752,-0.006550351025205275,-0.5330575324877098
0.23046875,-0.030093186776225994,-0.04417518726213349,-0.017252181001807695,-0.00912042106855785,-0.553472959136899
0.234375,-0.01940621736626398,-0.03297134957273061,-0.011875071962897171,-0.012177132228979958,-0.5743270888695781
0.23828125,-0.01099758277918121,-0.02331764177415997,-0.007446389219433135,-0.015745728130694144,-0.5956211779073822
0.2421875,-0.004923703868848611,-0.015263291468945435,-0.004005361885795101,-0.019851947276321148,-0.6173563168444834
0.24609375,-0.0012398089210100094,-0.008856825393354856,-0.001591186932237089,-0.024522014773506413,-0.6395334302696493
0.25,8.686661818707667e-12,-0.004146093264973423,-0.0002430254463656858,-0.029782633716737658,-0.6621532769171028
0.25390625,-0.0012573203708825295,-0.0011782934020444062,8.686661818707667e-12,-0.03566097626635514,-0.6852164503547118
0.2578125,-0.005063823014586269,8.686661818707667e-12,-0.0009011930471739675,-0.04218467446804329,-0.70872338021709
0.26171875,-0.011470639791438978,-0.0006571918903545394,-0.0029856465223197614,-0.04938181085694228,-0.732674333990541
0.265625,-0.02052805143965242,-0.003195282859623623,-0.0062923623212801216,-0.05728090889133297,-0.7570694193557498
0.26953125,-0.03228555813118529,-0.0076591531288036484,-0.010860303956207584,-0.06591092326136783,-0.7819085870934432
0.2734375,-0.04679195057176331,-0.014093182211314807,-0.01672839918948896,-0.07530123011881566,-0.8071916345571915
0.27734375,-0.06409538158263531,-0.02254128289015119,-0.023935543695681516,-0.0854816172739278,-0.8329182097167711
0.28125,-0.08424343812982092,-0.033046936307369386,-0.032520605731813076,-0.09648227440572901,-0.8590878157744015
0.28515625,-0.10728321378510834,-0.0456532280987028,-0.042522431806009925,-0.10833378333181388,-0.885699816355281
0.2890625,-0.13326138162119805,-0.06040288552385933,-0.05397985333562243,-0.12106710838374579,-0.9127534412729016
0.29296875,-0.16222426756046887,-0.07733831555195696,-0.06693169428725877,-0.13471358693359167,-0.9402477928684805
0.296875,-0.19421792421386785,-0.09650164387042186,-0.08141677979253362,-0.14930492011683855,-0.9681818529228479
0.30078125,-0.22928820526261423,-0.11793475479453643,-0.09747394573501338,-0.16487316379631917,-0.9965544901380935
0.3046875,-0.2674808404516008,-0.14167933206341587,-0.11514204930546112,-0.1814507198111198,-1.0253644681850558
0.30859375,-0.3088415112791909,-0.16777690051700353,-0.13445998052435637,-0.19907032755377999,-1.054610454311711
0.3125,-0.35341592748389905,-0.1962688686571595,-0.15546667473276848,-0.2177650559181923,-1.0842910285062866
0.31640625,-0.40124990444427544,-0.22719657210467514,-0.17820112605466457,-0.23756829565990756,-1.1144046932077498
0.3203125,-0.4523894416243738,-0.26060131797257047,-0.20270240183617844,-0.258513752209507,-1.1449498835551533
0.32421875,-0.5068808022134667,-0.29652443018485275,-0.2290096580697063,-0.28063543897894583,-1.1759249781659702
0.328125,-0.564770594125489,-0.33500729577861343,-0.25716215581337115,-0.30396767119975965,-1.2073283104325208
0.33203125,-0.6261058525411357,-0.3760914122363095,-0.2871992786191962,-0.32854506033107556,-1.2391581803240372
0.3359375,-0.6909341241938005,-0.4198184359042215,-0.3191605509861539,-0.35440250907459786,-1.2714128666808873
0.33984375,-0.7593035536196602,-0.4662302315623257,-0.35308565785756696,-0.38157520703269115,-1.3040906399860699
0.34375,-0.8312629716127208,-0.5153689232205823,-0.3890144651854873,-0.4100986270449847,-1.3371897755977784
0.34765625,-0.9068619861473294,-0.5672769462264943,-0.4269870415883393,-0.44000852223804443,-1.3707085674256283
0.3515625,-0.986151076054166,-0.6219971007793077,-0.4670436811317652,-0.47134092382200055,-1.4046453420317586
0.35546875,-1.0691816877609404,-0.6795726069570174,-0.5092249272666456,-0.504132139667351,-1.438998473136802
0.359375,-1.1560063354366497,-0.74004716137389,-0.5535715979625234,-0.5384187536946163,-1.4737663965094125
0.36328125,-1.246678704908112,-0.8034649955983263,-0.6001248120790909,-0.5742376261091277,-1.5089476252168008
0.3671875,-1.3412537617504405,-0.8698709364737265,-0.6489260170233168,-0.6116258945127974,-1.54454076521248
0.37109375,-1.4397878639892312,-0.9393104684988758,-0.7000170177448627,-0.6506209759246594,-1.580544531236328
0.375,-1.542338879891978,-1.0118297984390827,-0.753440007127963,-0.6912605697418152,-1.616957763000729
0.37890625,-1.6489663113703896,-1.0874759223551642,-0.8092375978438361,-0.7335826616725427,-1.653779441635682
0.3828125,-1.7597314235639938,-1.1662966952545626,-0.8674528557339949,-0.7776255286735998,-1.6910087063644996
0.38671875,-1.8746973812297918,-1.2483409035875002,-0.9281293348016108,-0.823427744924182,-1.7286448713808724
0.390625,-1.993929392623062,-1.3336583408312295,-0.9913111138954517,-0.8710281888696332,-1.766687442897041
0.39453125,-2.117494861622054,-1.422299886427536,-1.0570428351786554,-0.9204660513687966,-1.805136136332031
0.3984375,-2.2454635489247012,-1.5143175883627815,-1.1253697444832287,-0.9717808449799878,-1.8439908936080582
0.40234375,-2.377907743230186,-1.6097647497061243,-1.1963377336602816,-1.0250124144218433,-1.8832519005226092
0.40625,-2.5149024434132827,-1.7086960194507466,-1.2699933850459642,-1.0802009482467718,-1.922919604163035
0.41015625,-2.656525552806277,-1.8111674880346829,-1.3463840181738638,-1.1373869917665482,-1.9629947303299613
0.4140625,-2.8028580868240915,-1.9172367879534606,-1.4255577388763532,-1.1966114612716745,-2.0034783009356127
0.41796875,-2.9539843953042384,-2.0269631999154885,-1.5075634909301678,-1.2579156595884342,-2.0443716513426367
0.421875,-3.10999240108776,-2.140407765034676,-1.5924511104152836,-1.3213412930202368,-2.085676447609037
0.42578125,-3.2709738565420228,-2.2576334036026418,-1.6802713829715126,-1.3869304897229338,-2.1273947036046827
0.4296875,-3.4370246199251877,-2.378705041036415,-1.7710761041536545,-1.4547258195670107,-2.1695287979650493
0.43359375,-3.6082449537186116,-2.503689741657062,-1.8649181431043347,-1.5247703155434558,-2.2120814908479884
0.4375,-3.784739847311781,-2.6326568510211708,-1.9618515097834868,-1.5971074967741619,-2.2550559404597497
0.44140625,-3.9666193667201775,-2.765678147601538,-2.061931426015347,-1.6717813931923855,-2.2984557193169612
0.4453125,-4.153999034355209,-2.9028280046967088,-2.165214400637911,-1.748836571963841,-2.342284830211929
0.44921875,-4.3470002422550875,-3.0441835635426133,-2.2717583090661995,-1.8283181657246201,-2.3865477218494
0.453125,-4.545750702634106,-3.1898249187047885,-2.3816224776100077,-1.9102719027183337,-2.4312493041238503
0.45703125,-4.7503849401261595,-3.339835316948113,-2.494867772919066,-1.9947441389215312,-2.4763949630074715
0.4609375,-4.961044830698539,-3.494301370915025,-2.6115566969642106,-2.0817818922540363,-2.521990575020217
0.46484375,-5.177880192909033,-3.6533132890943953,-2.7317534880028287,-2.1714328789788424,-2.5680425212546183
0.46875,-5.401049437990927,-3.8169651237349345,-2.855524228020741,-2.263745552405275,-2.6145577009296033
0.47265625,-5.630720286198562,-3.98535503855181,-2.9829369571915536,-2.3587691440187837,-2.6615435444491373
0.4765625,-5.867070557956597,-4.158585598296968,-3.114061795948828,-2.456553707171612,-2.7090080259432803
0.48046875,-6.11028904966151,-4.336764082516568,-3.248971075327148,-2.5571501634801805,-2.756959675271116
0.484375,-6.3605765055231185,-4.5200028261081595,-3.3877394762959283,-2.660610352088126,-2.8054075894670287
0.48828125,-6.618146698655428,-4.708419589621382,-3.5304441788854417,-2.766987081967911,-2.854361443613818
0.4921875,-6.883227636789476,-4.902137962626625,-3.6771650219897745,-2.8763341874495025,-2.903831501128468
0.49609375,-7.156062910560009,-5.101287803914016,-3.827984674826561,-2.9887065871818215,-2.953828623448544
0.5,-7.436913205404698,-5.306005722790798,-3.9829888211408933,-3.104160346751174,-3.0043642791096756
0.50390625,-7.726058001825013,-5.516435606330276,-4.142266357361516,-3.2227527452017606,-3.055450552206957
0.5078125,-8.023797493236389,-5.732729198104688,-4.30590960605417,-3.344542345725943,-3.1071001502356403
0.51171875,-8.330454756066692,-5.955046734724517,-4.47401454617123,-3.4695890708170807,-3.159326411309073
0.515625,-8.646378213379345,-6.183557647429359,-4.646681061771984,-3.5979542822054134,-3.212143310754402
0.51953125,-8.971944441401707,-6.418441337055433,-4.824013211086658,-3.7297008659280344,-3.265565467089258
0.5234375,-9.307561378315988,-6.6598880319733365,-5.006119518023779,-3.864893322917846,-3.319608147385233
0.52734375,-9.653672007021473,-6.908099740084733,-5.193113288478486,-4.003597865533875,-3.3742872720266996
0.53125,-10.010758598957946,-7.163291307734373,-5.385112954094797,-4.145882520496922,-3.429619418876137
0.53515625,-10.379347625354088,-7.425691600492139,-5.582242446472937,-4.291817238740681,-3.4856218268598216
0.5390625,-10.760015466575943,-7.695544823259327,-5.784631605201566,-4.441474012740007,-3.5423123989903726
0.54296875,-11.15339508113072,-7.973112000142967,-5.992416623542152,-4.594927001935097,-3.5997097048452247
0.546875,-11.560183835397517,-8.258672638132285,-6.20574053610937,-4.752252666934483,-3.6578329825227125
0.55078125,-11.981152746124861,-8.552526602942,-6.424753753489499,-4.913529913251049,-3.7167021400998914
0.5546875,-12.417157454030331,-8.854996240633948,-6.649614649433007,-5.078840245405431,-3.776337756618791
0.55859375,-12.869151333848807,-9.166428785016333,-6.880490207065709,-5.248267932320787,-3.8367610826300473
0.5625,-13.338201261482993,-9.48719909863464,-7.117556731506481,-5.421900185033833,-3.8979940403253117
0.56640625,-13.82550671330597,-9.817712804780411,-7.361000637384876,-5.599827347860504,-3.960059223291995
0.5703125,-14.332423081720671,-10.158409879831066,-7.611019321050488,-5.782143104282605,-4.0229798959260785
0.57421875,-14.860490377578015,-10.509768790021521,-7.867822128797082,-5.968944698966315,-4.086779992540844
0.578125,-15.41146888784134,-10.872311275256912,-8.131631434235766,-6.160333177487205,-4.1514841162112965
0.58203125,-15.987383917088732,-11.246607905893873,-8.402683840102267,-6.356413645521954,-4.217117537395978
0.5859375,-16.590582542705118,-11.633284567998658,-8.68123152234682,-6.5572955494780665,-4.283706192379695
0.58984375,-17.223806479294545,-12.033030070392766,-8.967543737422737,-6.763092980773203,-4.351276681582325
0.59375,-17.890286875698738,-12.446605115484106,-9.261908517375796,-6.973925006250177,-4.419856267780638
0.59765625,-18.593869482735958,-12.87485293911293,-9.56463458178501,-7.189916027527669,-4.489472874291365
0.6015625,-19.33918267881665,-13.318712007494804,-9.876053500998735,-7.411196172446919,-4.560155083165515
0.60546875,-20.131867274686183,-13.779231268946237,-10.19652215167981,-7.637901722188566,-4.6319321334450185
0.609375,-20.978897544711266,-14.25758860455886,-10.526425513717324,-7.870175578111404,-4.704833919534318
0.61328125,-21.88904073305613,-14.755113319920369,-10.866179867462742,-8.108167772916165,-4.778890989740666
0.6171875,-22.873533554297467,-15.273313790634536,-11.216236462501668,-8.3520360313769,-4.854134545038081
0.62109375,-23.94711162612527,-15.813911749281758,-11.577085744427919,-8.601946386625375,-4.930596438111167
0.625,-25.12963883284218,-16.37888522804227,-11.949262245197687,-8.858073858839676,-5.008309172735989
0.62890625,-26.4488122478045,-16.970522922225065,-12.333350266740881,-9.120603204200584,-5.087305903556425
0.6328125,-27.94492610825533,-17.591493829115635,-12.729990518109005,-9.389729743166313,-5.167620436315456
0.63671875,-29.679919407366885,-18.244937625429,-13.13988790558703,-9.665660278512892,-5.249287228601952
0.640625,-31.75636454013206,-18.934583672006134,-13.563820725674647,-9.948614115236657,-5.332341391174714
0.64453125,-34.36330195344997,-19.66491027413188,-14.002651576476579,-10.238824196369023,-5.416818689926623
0.6484375,-37.91319044694012,-20.441361739945524,-14.457340389154677,-10.536538371077333,-5.502755548553085
0.65234375,-43.64262110635025,-21.27065040234568,-14.928960095166834,-10.842020814199742,-5.590189051990189
0.65625,-62.95622192560711,-22.161186942429147,-15.41871559769737,-11.155553619687256,-5.6791569506894675
0.66015625,-46.241812639755075,-23.123710560319537,-15.927966922322774,-11.477438594429168,-5.769697665797681
0.6640625,-39.841744744898186,-24.172241900891333,-16.45825770500706,-11.80799928377857,-5.861850295311778
0.66796875,-36.352452296293656,-25.325580008326916,-17.011350568318143,-12.147583265974491,-5.955654621280945
0.671875,-33.987881414420876,-26.609764674326982,-17.589271489623354,-12.496564759835787,-6.051151118129843
0.67578125,-32.226867749798416,-28.062363516781215,-18.194366055302197,-12.855347598909932,-6.14838096217936
0.6796875,-30.844349255378283,-29.740493578008817,-18.82937164394439,-13.224368636126831,-6.247386042443742
0.68359375,-29.72243969176112,-31.737321989955795,-19.497511283265275,-13.604101656491439,-6.348208972785848
0.6875,-28.79164373231791,-34.22076240273905,-20.20261749859495,-13.995061892180027,-6.4508931055154415
0.69140625,-28.007558598507142,-37.5439005588824,-20.949298451754874,-14.397811255549772,-6.55548254651888
0.6953125,-27.340104456516695,-42.687371953792535,-21.743164988513968,-14.812964432314184,-6.662022172012657
0.69921875,-26.76797852328462,-55.57229846634985,-22.591147539236264,-15.241196011203677,-6.770557647017489
0.703125,-26.27555971872556,-48.5097977784275,-23.50194925717699,-15.683248870158387,-6.881135445654563
0.70703125,-25.851069523935358,-40.994140790230134,-24.486712368604742,-16.13994409568562,-6.993802873371089
0.7109375,-25.485423102872574,-37.18423777571368,-25.5600307747328,-16.612192785874,-7.108608091208182
0.71484375,-25.17148156233997,-34.663027709220884,-26.741550159656995,-17.101010184860648,-7.2256001422309035
0.71875,-24.903548361059364,-32.80643400300977,-28.058619054302465,-17.607532726016487,-7.344828980247788
0.72265625,-24.67702021244865,-31.35767499321885,-29.55094631288877,-18.133038735229153,-7.466345500955259
0.7265625,-24.488139054798946,-30.185851316578493,-31.27941792104719,-18.678973782527006,-7.590201575651684
0.73046875,-24.333812073746103,-29.215143815266337,-33.34452059383794,-19.246981996551533,-7.7164500876758595
0.734375,-24.211478725062445,-28.39770751314621,-35.93053273271337,-19.838945111898813,-7.845144971735964
0.73828125,-24.119010962692926,-27.701429505804608,-39.43622959973078,-20.457031664735105,-7.976341256307469
0.7421875,-24.054637414245402,-27.103729844314692,-45.03657668338823,-21.103759681306844,-8.110095109292223
0.74609375,-24.016885160506455,-26.588145565213665,-62.34412482302727,-21.7820775656546,-8.246463887146293
0.75,-24.004534693603038,-26.142321411220145,-48.31586817125555,-22.495469927518506,-8.385506187700846
0.75390625,-24.016584919342385,-25.75676488240785,-41.715084254017185,-23.24809819806822,-8.527281906919185
0.7578125,-24.052225956645398,-25.424041426208966,-38.16989461187948,-24.044990740150286,-8.671852299853699
0.76171875,-24.110818109763386,-25.13823548358261,-35.78187361575689,-24.89230496823876,-8.819280046089393
0.765625,-24.191875835529135,-24.894578685373446,-34.010069352807534,-25.7976969318836,-8.969629319986247
0.76953125,-24.295055855825304,-24.68918679352685,-32.623168902337426,-26.770856018912255,-9.122965866060621
0.7734375,-24.420148813219885,-24.51886951391017,-31.500701492957667,-27.824302102816162,-9.279357079877531
0.77734375,-24.567074061769787,-24.38099042681906,-30.571921641883083,-28.974616751911167,-9.438872094860224
0.78125,-24.735877344234925,-24.273362193813988,-29.791758849990366,-30.24442724735517,-9.60158187546231
0.78515625,-24.926731245635278,-24.194167121744364,-29.12975395702452,-31.665773820706878,-9.767559317190742
0.7890625,-25.139938442848376,-24.141896312225732,-28.564381878783806,-33.28620786194794,-9.936879354016055
0.79296875,-25.37593790128895,-24.11530268794728,-28.079891543266783,-35.18080347696904,-10.10961907375979
0.796875,-25.635314313338956,-24.11336457073328,-27.664432418886854,-37.478658811546076,-10.285857842108936
0.80078125,-25.918811241356273,-24.135257434269377,-27.308886368336204,-40.43175318028601,-10.46567743597425
0.8046875,-26.22734863620931,-24.180332117802735,-27.0061086353631,-44.647590242253585,-10.649162186984283
0.80859375,-26.562045671204743,-24.24809826162995,-26.750417478687567,-52.432067968409626,-10.83639913599119
0.8125,-26.924250190530632,-24.33821207293807,-26.53724096651269,-61.05611554038983,-11.027478199558923
0.81640625,-27.31557656429593,-24.45046779294548,-26.362866501442053,-48.01930544245615,-11.222492349510942
0.8203125,-27.737954434348037,-24.584792441701335,-26.22425949071657,-43.257895827009534,-11.421537806734541
0.82421875,-28.193691827472797,-24.741243585619372,-26.118929778835426,-40.36523370126964,-11.624714250574419
0.828125,-28.685557565482146,-24.920010020150375,-26.044831854556204,-38.32821257842646,-11.832125045301558
0.83203125,-29.21689007481547,-25.12141539845839,-26.000289465370617,-36.7860291209739,-12.043877485317156
0.8359375,-29.79174302395173,-25.345924977949153,-25.983938240945584,-35.56813193919663,-12.260083060949006
0.83984375,-30.415083435587857,-25.594155811716455,-25.994681882702334,-34.58031768889856,-12.48085774692221
0.84375,-31.09306634115879,-25.866890894959994,-26.03165879660161,-33.76507497672774,-12.7063223158427
0.84765625,-31.833424066060978,-26.165098004399518,-26.09421695875048,-33.08474478427723,-12.936602679324803
0.8515625,-32.64603243077018,-26.489954265097204,-26.181895450922678,-32.513358486567796,-13.171830259729898
0.85546875,-33.54375967398316,-26.842877877369247,-26.29441157659507,-32.0322859157033,-13.412142395868841
0.859375,-34.54378605820467,-27.225568986077935,-26.431652827838235,-31.627740767645996,-13.657682786464537
0.86328125,-35.66974636032869,-27.640062450683804,-26.59367326074646,-31.289266954423397,-13.908601975683483
0.8671875,-36.95539939946159,-28.088796393978473,-26.780694082167958,-31.0087770487049,-14.165057885638063
0.87109375,-38.45135060404844,-28.574702056927833,-26.993108477132772,-30.77991800028373,-14.427216401449364
0.875,-40.23849524734587,-29.101322971435092,-27.231490935728715,-30.59763943903672,-14.695252015261156
0.87890625,-42.45830910317351,-29.672975294050538,-27.496611591795386,-30.4578920941442,-14.969348536530461
0.8828125,-45.394093314171336,-30.294967207107174,-27.789456388774294,-30.357412507407698,-15.249699877014454
0.88671875,-49.761226549619806,-30.9739051719285,-28.111254272867615,-30.293566634062792,-15.536510920159266
0.890625,-58.64693459785436,-31.71813144713092,-28.463513125740786,-30.264234692418345,-15.82999848611128
0.89453125,-61.23406039676354,-32.53836634484771,-28.848066855187824,-30.267725633534116,-16.130392405363548
0.8984375,-50.89051697226756,-33.4486817353213,-29.267137064510376,-30.302713413974733,-16.437936716177045
0.90234375,-46.397725208109435,-34.46803417278586,-29.723414180391117,-30.368189743009424,-16.752891003450824
0.90625,-43.524759784878015,-35.62279392438774,-30.220165094374913,-30.463429647859574,-17.075531899746828
0.91015625,-41.43053134983354,-36.95116318216509,-30.761377696187058,-30.587967360890033,-17.40615477281676
0.9140625,-39.79750684022276,-38.51147866819663,-31.35195788641509,-30.741580869625018,-17.74507562837179
0.91796875,-38.471053969769514,-40.39938841807348,-31.99800305633474,-30.924284105909553,-18.092633262160142
0.921875,-37.364141435217995,-42.78846351419048,-32.7071900035742,-31.136326267511766,-18.449191701901047
0.92578125,-36.42291732766997,-46.047588864159046,-33.489339372151406,-31.378198225570216,-18.81514298755824
0.9296875,-35.6117444641855,-51.22305749968085,-34.35726207421277,-31.650646426212003,-19.190910348198187
0.93359375,-34.905825853890555,-65.2567436323753,-35.3280749907547,-31.95469519518431,-19.576951845755083
0.9375,-34.28722333751538,-55.842337911781705,-36.42533680062059,-32.29167895915995,-19.973764571053753
0.94140625,-33.742552891115274,-48.56947451779142,-37.68270509974243,-32.6632866839184,-20.38188949626008
0.9453125,-33.26157484076196,-44.74125774826645,-39.15063354016009,-33.07162190971746,-20.80191711164698
0.94921875,-32.836292002045276,-42.152489950274095,-40.90975663504884,-33.51928330940541,-21.234494004667223
0.953125,-32.460350953110336,-40.211450077569495,-43.10102427917421,-34.0094729797022,-21.680330577812565
0.95703125,-32.128631963402476,-38.67104301342417,-46.00642698674861,-34.546143155428545,-22.140210151337033
0.9609375,-31.836960583570715,-37.40424757775851,-50.336748201780296,-35.13419748886041,-22.614999761373383
0.96484375,-31.581900132978244,-36.33707582502738,-59.14270222491563,-35.7797718404177,-23.10566304847649
0.96875,-31.36059943683419,-35.42264103688533,-61.91328792052508,-36.490634215207706,-23.61327574349183
0.97265625,-31.170679199121878,-34.62936499869809,-51.463787257815014,-37.27676890206617,-24.13904440725874
0.9765625,-31.010145972161883,-33.93497667138646,-46.93413973705557,-38.15125576434266,-24.68432928298305
0.98046875,-30.877326222089515,-33.323192638168926,-44.03334941326848,-39.131642651029836,-25.250672397013354
0.984375,-30.770815292917646,-32.781758636862996,-41.91453990596613,-40.24218381225192,-25.839832427657402
0.98828125,-30.689437605947397,-32.301233072415855,-40.25865461218723,-41.51769453491948,-26.453828401470165
0.9921875,-30.63221547473692,-31.874198935024538,-38.91048493670961,-43.01066076907035,-27.094995047183303
0.99609375,-30.598344639767046,-31.494735053899433,-37.782733661221215,-44.80558345243424,-27.766053756598573
1.0,-30.58717513898149,-31.158050697219824,-36.8214099979174,-47.0517042650043,-28.47020475719807
1.00390625,-30.59819649975768,-30.86022660043426,-35.99079828708883,-50.052468965159555,-29.211248600565916
1.0078125,-30.63102651009158,-30.598027398374562,-35.266055193348265,-54.596301572875454,-29.993748931098615
1.01171875,-30.685403032467793,-30.36876320808584,-34.6292149441246,-64.3995905342752,-30.82325461604052
1.015625,-30.761178484144303,-30.17018582430781,-34.06687773292965,-63.95188651677383,-31.706609291794102
1.01953125,-30.858316737455944,-30.000409795186176,-33.56879615290951,-54.67898619852776,-32.65239318541753
1.0234375,-30.97689230442843,-29.857851721745092,-33.12697116916536,-50.380255947088955,-33.67157146276044
1.02734375,-31.11709177036945,-29.74118314213061,-32.735052114867585,-47.58375702051968,-34.77847705166462
1.03125,-31.279217538823726,-29.649293714584594,-32.38792586323518,-45.52817242377386,-35.99235913292601
1.03515625,-31.463694052697836,-29.581262339260498,-32.08142798195729,-43.917414052326805,-37.33993950197707
1.0390625,-31.671076771374732,-29.53633450549054,-31.812134995514736,-42.60503884694373,-38.85988357855078
1.04296875,-31.902064320637393,-29.51390461117745,-31.577212043925197,-41.507822806318515,-40.611215359517686
1.046875,-32.15751440329036,-29.513502334990118,-31.374299287560557,-40.57392809954278,-42.69076446553453
1.05078125,-32.4384642799587,-29.534782389963397,-31.201425998448574,-39.768887249932455,-45.274547204453626
1.0546875,-32.746156924982685,-29.57751717601742,-31.05694482710625,-39.06863385348933,-48.73798475118776
1.05859375,-33.08207436567356,-29.641591997670268,-30.939481044286833,-38.45571460605608,-54.15449241704181
1.0625,-33.447980275430226,-29.727002635403302,-30.847893096307928,-37.91708507045372,-68.94112151583232
1.06640625,-33.84597469035454,-29.833855165027337,-30.781241860422597,-37.442755741309114,-58.76370457717066
1.0703125,-34.27856487706016,-29.96236801731338,-30.738766714709534,-37.024923028830415,-51.79547177091073
1.07421875,-34.748758091617155,-30.112876367490564,-30.719867053263904,-36.657390808669625,-48.177734675422705
1.078125,-35.26018455617787,-30.285839048301504,-30.724088251665638,-36.335173432967636,-45.77992379821065
1.08203125,-35.81726298003347,-30.481848299256175,-30.751111365685983,-36.05421612574175,-44.02234337597791
1.0859375,-36.425427301177116,-30.70164280842281,-30.800746059005938,-35.811193658923465,-42.66167614513882
1.08984375,-37.091443700800056,-30.946124684480992,-30.87292642502254,-35.60336264574404,-41.572535043984324
1.09375,-37.823864471242516,-31.216381233676852,-30.967709509373016,-35.4284514455032,-40.68180684030687
1.09765625,-38.63369607230407,-31.513712734269625,-31.085276465786194,-35.284577031376294,-39.94315679092302
1.1015625,-39.53541510148693,-31.839667837534805,-31.22593639850409,-35.170181583435415,-39.32540473361277
1.10546875,-40.54857479970343,-32.19608883583591,-31.390133069377015,-35.08398379626888,-38.80659906018287
1.109375,-41.70046844729519,-32.58516991151992,-31.578454786914477,-35.0249413798008,-38.37073469292817
1.11328125,-43.03081179499475,-33.00953275200789,-31.791647959944463,-34.99222225042038,-38.00581518079411
1.1171875,-44.60061452046997,-33.47232580624202,-32.03063500534337,-34.98518262209371,-37.702648534214944
1.12109375,-46.510738097828025,-33.977356328318834,-32.296537568370695,-35.0033507179473,-37.454067237300414
1.125,-48.946477079691846,-34.52926882081683,-32.5907063752099,-35.04641519951476,-37.25440536392781
1.12890625,-52.30974119369882,-35.13379062850585,-32.91475953417578,-35.114217698633496,-37.09913787547657
1.1328125,-57.78988132181184,-35.79807718871723,-33.27063180096004,-35.20674906721141,-36.98462579648818
1.13671875,-75.3814613577986,-36.5312094777076,-33.66063832682909,-35.32414915564544,-36.90793262855265
1.140625,-60.60853654937358,-37.344931700036994,-34.08755787943099,-35.4667101095971,-36.86669001710557
1.14453125,-53.91261070177973,-38.25478315094262,-34.55474272770661,-35.63488335285835,-36.858998344148496
1.1484375,-50.237978733731985,-39.28190721290473,-35.06626575501721,-35.82929061682427,-36.883352704229885
1.15234375,-47.714193305635256,-40.4560901064398,-35.62712066176376,-36.050739602255774,-36.93858779904537
1.15625,-45.805078380645426,-41.8211923205898,-36.24349967451281,-36.300245138749446,-37.02383732372693
1.16015625,-44.280752502462576,-43.44566309535759,-36.92318744008243,-36.57905707176215,-37.1385048079586
1.1640625,-43.0212756632178,-45.445190040022574,-37.67613442597635,-36.88869659941269,-37.28224385671456
1.16796875,-41.95610613495927,-48.03948892619526,-38.515317536024554,-37.231003466049025,-37.45494645975393
1.171875,-41.04023424826923,-51.732907591004896,-39.45807958273362,-37.60819739572335,-37.65673860594291
1.17578125,-40.24319030133195,-58.21890465107157,-40.52830739705548,-38.02295857231504,-37.8879829186225
1.1796875,-39.543398949102766,-78.2696361604987,-41.76016955405365,-38.47853409649963,-38.1492884768372
1.18359375,-38.925034448229695,-56.73966902564352,-43.20498077490241,-38.978880592297045,-38.44152845408144
1.1875,-38.37615502814705,-51.150982048625224,-44.94497380621567,-39.528858214033924,-38.765866744223516
1.19140625,-37.88753886263158,-47.82514253941842,-47.124473392004404,-40.134499482190726,-39.123795418872234
1.1953125,-37.45192716689159,-45.46657368202524,-50.03409892621605,-40.80338996414736,-39.51718576211811
1.19921875,-37.06351477732001,-43.650107504710476,-54.41538901859432,-41.545221210074146,-39.948356892100165
1.203125,-36.717597161475275,-42.18238978307426,-63.57043824917576,-42.372618318844445,-40.42016781532804
1.20703125,-36.410319657937734,-40.959027115757,-64.9662765757663,-43.30242347705464,-40.936141512540026
1.2109375,-36.13849548210044,-39.91721813268444,-55.004345881920926,-44.357774096547466,-41.500633901577054
1.21484375,-35.89947117433718,-39.01624165071559,-50.536806022091476,-45.571649675014356,-42.11906726679227
1.21875,-35.691025523960356,-38.228196726509175,-47.64357569675418,-46.99334046734941,-42.798258791724244
1.22265625,-35.51129259769317,-37.53314130257327,-45.51466728423424,-48.70130589719852,-43.54689356019095
1.2265625,-35.35870244990123,-36.91633843463923,-43.84079930065971,-50.83190606098484,-44.37622440341802
1.23046875,-35.23193502991021,-36.36660071784433,-42.47046840622022,-53.655490407465535,-45.30114184370825
1.234375,-35.129884103912715,-35.87524607898252,-41.318090208073144,-57.84216317246625,-46.34187573872441
1.23828125,-35.051628901823705,-35.43541266863615,-40.330573802722554,-66.13217664144696,-47.5268354146466
1.2421875,-34.99641182354288,-35.04159426848348,-39.47272045653675,-70.83843815832371,-48.897644000194205
1.24609375,-34.96362098364117,-34.689316289718896,-38.72000371727795,-59.508474843299,-50.51877756472078
1.25,-34.95277669639372,-34.37490433545284,-38.054661645068066,-54.809582855046976,-52.49801755330133
1.25390625,-34.96352124269394,-34.095315432755456,-37.463430246644485,-51.82284085954727,-55.03660496030523
1.2578125,-34.99561144271402,-33.84801275049503,-36.93615482453873,-49.644926569602376,-58.58298770092184
1.26171875,-35.048913701305565,-33.63087116008852,-36.46490049399864,-47.94218274749223,-64.54391249922095
1.265625,-35.12340131007039,-33.44210511002005,-36.04336104830532,-46.55393162080042,-94.58617560910582
1.26953125,-35.21915389054127,-33.28021294075795,-35.66645373487416,-45.390365039764184,-65.29741735783425
1.2734375,-35.3363589548415,-33.143933522105804,-35.33003405277293,-44.39617803800755,-59.234060825718096
1.27734375,-35.47531565037734,-33.032212280530246,-35.03069043460093,-43.534900932151075,-55.77544204995462
1.28125,-35.636440850220104,-32.94417450083059,-34.76559353423618,-42.781227368910265,-53.37204015632586
1.28515625,-35.820277858054844,-32.87910436019259,-34.53238373240197,-42.11689215683316,-51.54683695676846
1.2890625,-36.027508124541356,-32.836428563329456,-34.329085963445,-41.528293965647116,-50.08903952085713
1.29296875,-36.25896653175466,-32.81570374731898,-34.15404445552222,-41.00504551947236,-48.88674526735328
1.296875,-36.51566100918722,-32.816607048734355,-34.005872249463096,-40.539048469680054,-47.87339125545018
1.30078125,-36.798797520003056,-32.838929397496265,-33.883411876821285,-40.12388055284941,-47.006169263756604
1.3046875,-37.109811831014724,-32.882571238217785,-33.78570460928431,-39.75437666391664,-46.25593325553815
1.30859375,-37.45041000069851,-32.94754049278504,-33.71196640823245,-39.42633474977076,-45.601958523162
1.3125,-37.82262025733897,-33.03395267678185,-33.66156921095528,-39.13630457538438,-45.02899783778642
1.31640625,-38.2288600044546,-33.14203317474017,-33.634026557192016,-38.8814330216205,-44.5255234717483
1.3203125,-38.67202325872861,-33.27212177193787,-33.62898283127707,-38.659348883318124,-44.08262454171386
1.32421875,-39.155596183323055,-33.424679640478246,-33.64620560160399,-38.468075871211745,-43.69328696452386
1.328125,-39.68381200643262,-33.600299092416755,-33.68558070142432,-38.30596615650269,-43.3519072065824
1.33203125,-40.26186233790951,-33.79971655225678,-33.7471098283057,-38.171649161000516,-43.053954481645036
1.3359375,-40.896191187175724,-34.02382937774497,-33.8309105553283,-38.06399186953853,-42.79573036033882
1.33984375,-41.59491355993069,-34.273717388847665,-33.93721875459327,-37.98206801213602,-42.574194159800825
1.34375,-42.36842759806076,-34.55067027483043,-34.066393541156124,-37.925134207411304,-42.38683389441202
1.34765625,-43.230338385936264,-34.856222474868105,-34.21892496139219,-37.89261168690472,-42.23156951303329
1.3515625,-44.19890533045254,-35.192197723272244,-34.39544478336075,-37.88407260365033,-42.10667950274662
1.35546875,-45.29941490872453,-35.5607663003041,-34.59674090943173,-37.89923021467026,-42.01074474430868
1.359375,-46.568293851543686,-35.96451926565757,-34.823776138458896,-37.9379324480454,-41.94260535670341
1.36328125,-48.06076193581765,-36.40656578618214,-35.077712277264354,-38.00015854331072,-41.901327519741116
1.3671875,-49.8664542884545,-36.89066245167239,-35.35994096962299,-38.08601860573882,-41.88617812877609
1.37109375,-52.145660939353846,-37.42138779392096,-35.67212312052635,-38.19575605373632,-41.89660574787994
1.375,-55.230988544593494,-38.004382116225315,-36.01623951292905,-38.329753075542754,-41.93222677274642
1.37890625,-60.02163651892289,-38.646684064582956,-36.39465625009345,-38.48853935793381,-41.99281604848123
1.3828125,-71.38794984540658,-39.35721461857192,-36.81021017849419,-38.67280451814252,-42.078301448520754
1.38671875,-66.92292774370468,-40.14749318984847,-37.26632172976319,-38.88341487603833,-42.18876213646549
1.390625,-58.700186474768216,-41.03273339454566,-37.76714612592373,-39.121435467116605,-42.324430423237175
1.39453125,-54.60436713242154,-42.03358868901511,-38.31777941192196,-39.388158546644895,-42.48569731488861
1.3984375,-51.875011205079424,-43.17907300511796,-38.92454471869457,-39.68514031312714,-42.67312203772616
1.40234375,-49.839255978858645,-44.51175484252274,-39.59539910569548,-40.01424824780669,-42.88744604445178
1.40625,-48.2259409756804,-46.09774642571955,-40.340527246235254,-40.37772242292141,-43.12961226865036
1.41015625,-46.89837155718398,-48.04802900292957,-41.17323508366723,-40.77825552745033,-43.400790732739395
1.4140625,-45.77791601922037,-50.5712200936211,-42.11134562143499,-41.21909844198807,-43.70241206535431
1.41796875,-44.8151782153533,-54.137744110712575,-43.17947837963356,-41.70420137380138,-44.03621110533035
1.421875,-43.97710286889246,-60.263462457353995,-44.41298204377115,-42.23840553848264,-44.40428364810123
1.42578125,-43.24049095077192,-94.96268740273001,-45.865206605377494,-42.82770837810641,-44.80916066276224
1.4296875,-42.58844493597181,-60.01972014048963,-47.62222730983523,-43.47963858611922,-45.25390619295599
1.43359375,-42.00828635465405,-54.12308090170861,-49.83660567624058,-44.20380003790935,-45.742248012484
1.4375,-41.49026965289845,-50.680559407171486,-52.82040415792575,-45.012684598915406,-46.278754547672456
1.44140625,-41.026752890576745,-48.255114809995845,-57.39403209797114,-45.92293052406638,-46.86907866971474
1.4453125,-40.611643515298574,-46.392086411321515,-67.57947057048752,-46.957355600983384,-47.52030063020901
1.44921875,-40.240016615544114,-44.8881132912349,-65.87757343420635,-48.14841829286372,-48.24142228731388
1.453125,-39.90784511561347,-43.63446896130008,-56.915752532184186,-49.54450956076059,-49.04409997219783
1.45703125,-39.61180481709829,-42.566170304304634,-52.63829952478225,-51.22240620582037,-49.94376861257671
1.4609375,-39.34913080359912,-41.64127765196046,-49.81881594776267,-53.314931723907705,-50.96143744339811
1.46484375,-39.117509915150194,-40.83115577509904,-47.724827089692674,-56.08355225873716,-52.126704258822976
1.46875,-38.91499908194261,-40.11539349443118,-46.06823647138401,-60.16796638332259,-53.48313781217209
1.47265625,-38.73996255004019,-39.47893989740817,-44.70569846102964,-68.09149895099908,-55.098683753168814
1.4765625,-38.591023152587965,-38.91038931607544,-43.55543846689752,-74.44850194557256,-57.08803975288692
1.48046875,-38.46702419824692,-38.40090304917625,-42.566383508128986,-62.2938655323257,-59.66860647286261
1.484375,-38.36699951669037,-37.94350376145018,-41.70450339387646,-57.45896645434917,-63.3376268937039
1.48828125,-38.290149874738965,-37.53259805504107,-40.94599501194445,-54.407449070649854,-69.75051704016646
1.4921875,-38.23582445446597,-37.16364414573168,-40.273567951879315,-52.18675625090269,-91.4653975122649
1.49609375,-38.20350642988834,-36.832914866389764,-39.67427853886789,-50.45082778567575,-68.52867867431635
1.5,-38.192801933551365,-36.53732508769377,-39.13819708606721,-49.034399110584495,-62.88570999516872
